category,feature,mean_abs_shap
Y1,X1,0.67373049259185791
Y1,X2,0.0054145939648151398
Y1,X3,0.079674504697322845
Y1,X4,0.013468864373862743
Y1,X6,0.21453286707401276
Y1,X7,0.00054907845333218575
Y1,X8,0
Y1,X19,0.005889898631721735
Y1,X10,0.18275932967662811
Y1,X14,0.036676235496997833
Y1,X17,0.1913057416677475
Y1,X18,0.16390736401081085
Y1,X22,0.079179845750331879
Y2,X1,1.1400893926620483
Y2,X2,0.013014480471611023
Y2,X3,0.061595745384693146
Y2,X4,0.011980275623500347
Y2,X6,0.1864224374294281
Y2,X7,0.0096474373713135719
Y2,X8,0.037535678595304489
Y2,X19,0.010839317925274372
Y2,X10,0.29024076461791992
Y2,X14,0.15246652066707611
Y2,X17,0.48983460664749146
Y2,X18,0.4497433602809906
Y2,X22,0.14342315495014191
Y3,X1,0.14950068295001984
Y3,X2,0
Y3,X3,0.04299892857670784
Y3,X4,0
Y3,X6,0.12755438685417175
Y3,X7,0
Y3,X8,0.053732205182313919
Y3,X19,0.0010640497785061598
Y3,X10,0
Y3,X14,0.30285090208053589
Y3,X17,0.0064107649959623814
Y3,X18,0.40267708897590637
Y3,X22,0.027164485305547714
Y4,X1,0.11281832307577133
Y4,X2,0.0092288581654429436
Y4,X3,0
Y4,X4,0.001572637353092432
Y4,X6,0.0040457574650645256
Y4,X7,0.0088814618065953255
Y4,X8,0.021931760013103485
Y4,X19,0.01144579891115427
Y4,X10,0.017432872205972672
Y4,X14,0.029449585825204849
Y4,X17,0.24968035519123077
Y4,X18,0.047872740775346756
Y4,X22,0.10726285725831985
