category,feature,lowess_iterations,finite_curve_points
Y1,X1,3,714
Y1,X2,3,714
Y1,X3,3,714
Y1,X4,3,714
Y1,X6,3,714
Y1,X7,3,714
Y1,X8,3,714
Y1,X19,3,714
Y1,X10,3,714
Y1,X14,0,714
Y1,X17,3,714
Y1,X18,3,714
Y1,X22,3,714
Y2,X1,3,714
Y2,X2,3,714
Y2,X3,3,714
Y2,X4,3,714
Y2,X6,3,714
Y2,X7,3,714
Y2,X8,3,714
Y2,X19,3,714
Y2,X10,3,714
Y2,X14,3,714
Y2,X17,3,714
Y2,X18,3,714
Y2,X22,3,714
Y3,X1,3,714
Y3,X2,3,714
Y3,X3,3,714
Y3,X4,3,714
Y3,X6,3,714
Y3,X7,3,714
Y3,X8,3,714
Y3,X19,3,714
Y3,X10,3,714
Y3,X14,0,714
Y3,X17,3,714
Y3,X18,3,714
Y3,X22,3,714
Y4,X1,3,714
Y4,X2,3,714
Y4,X3,3,714
Y4,X4,3,714
Y4,X6,3,714
Y4,X7,3,714
Y4,X8,3,714
Y4,X19,3,714
Y4,X10,3,714
Y4,X14,3,714
Y4,X17,3,714
Y4,X18,3,714
Y4,X22,3,714
