block_id,test_fold,n_grids,center_x,center_y,Y1,Y2,Y3,Y4
26,5,1,705547.7476000004,2586335.9079,1,2,0,1
1024,4,1,708547.7476000004,2580335.9079,0,0,0,0
1029,3,1,708547.7476000004,2595335.9079,1,0,0,0
2022,2,1,711547.7476000004,2574335.9079,0,0,0,0
2025,3,2,711547.7476000004,2583335.9079,0,0,0,0
2026,4,3,711547.7476000004,2586335.9079,1,1,0,1
2027,3,3,711547.7476000004,2589335.9079,2,1,2,0
2029,5,1,711547.7476000004,2595335.9079,0,0,0,0
3024,3,1,714547.7476000004,2580335.9079,0,0,0,0
3025,3,6,714547.7476000004,2583335.9079,1,5,0,1
3027,1,2,714547.7476000004,2589335.9079,0,3,0,0
3028,3,3,714547.7476000004,2592335.9079,0,1,0,1
3029,5,1,714547.7476000004,2595335.9079,0,0,0,0
4024,3,2,717547.7476000004,2580335.9079,0,0,1,0
4025,1,5,717547.7476000004,2583335.9079,0,0,2,0
4026,1,6,717547.7476000004,2586335.9079,0,4,2,0
4028,1,1,717547.7476000004,2592335.9079,0,0,0,0
4029,4,10,717547.7476000004,2595335.9079,0,4,4,3
4030,5,4,717547.7476000004,2598335.9079,0,4,3,2
5023,3,2,720547.7476000004,2577335.9079,0,0,0,0
5025,1,1,720547.7476000004,2583335.9079,0,0,1,0
5026,1,8,720547.7476000004,2586335.9079,4,12,4,4
5027,1,6,720547.7476000004,2589335.9079,1,4,0,0
5028,2,4,720547.7476000004,2592335.9079,1,5,0,0
5029,4,12,720547.7476000004,2595335.9079,5,51,14,9
5030,3,16,720547.7476000004,2598335.9079,4,65,29,7
6015,4,8,723547.7476000004,2553335.9079,3,17,1,0
6018,2,5,723547.7476000004,2562335.9079,3,5,6,2
6021,2,3,723547.7476000004,2571335.9079,1,4,2,0
6022,3,1,723547.7476000004,2574335.9079,0,0,0,0
6023,4,4,723547.7476000004,2577335.9079,0,1,0,0
6024,2,6,723547.7476000004,2580335.9079,0,1,0,1
6025,1,13,723547.7476000004,2583335.9079,3,8,0,0
6026,2,12,723547.7476000004,2586335.9079,9,30,3,1
6027,3,14,723547.7476000004,2589335.9079,15,27,8,13
6028,5,14,723547.7476000004,2592335.9079,14,32,4,7
6029,3,12,723547.7476000004,2595335.9079,7,45,27,11
6030,4,17,723547.7476000004,2598335.9079,2,52,11,6
6031,3,1,723547.7476000004,2601335.9079,0,0,1,0
7014,3,8,726547.7476000004,2550335.9079,8,11,0,0
7015,2,16,726547.7476000004,2553335.9079,14,25,4,2
7016,2,13,726547.7476000004,2556335.9079,6,32,3,3
7017,1,15,726547.7476000004,2559335.9079,19,46,8,10
7018,2,17,726547.7476000004,2562335.9079,62,65,67,22
7019,3,16,726547.7476000004,2565335.9079,33,31,9,0
7020,4,19,726547.7476000004,2568335.9079,37,74,105,4
7021,1,13,726547.7476000004,2571335.9079,13,51,39,4
7022,2,14,726547.7476000004,2574335.9079,9,13,10,1
7023,2,13,726547.7476000004,2577335.9079,11,13,1,1
7024,5,7,726547.7476000004,2580335.9079,3,2,0,0
7025,1,10,726547.7476000004,2583335.9079,1,8,1,1
7026,2,12,726547.7476000004,2586335.9079,25,38,23,9
7027,1,25,726547.7476000004,2589335.9079,45,155,19,64
7028,2,19,726547.7476000004,2592335.9079,8,36,14,7
7029,5,5,726547.7476000004,2595335.9079,1,2,1,1
7030,5,18,726547.7476000004,2598335.9079,7,54,5,27
7031,2,3,726547.7476000004,2601335.9079,0,4,0,0
8014,3,5,729547.7476000004,2550335.9079,3,4,0,0
8015,1,18,729547.7476000004,2553335.9079,36,58,9,12
8016,5,23,729547.7476000004,2556335.9079,38,68,7,14
8017,5,25,729547.7476000004,2559335.9079,101,191,49,78
8018,5,24,729547.7476000004,2562335.9079,57,103,117,31
8019,4,25,729547.7476000004,2565335.9079,128,207,97,17
8020,5,25,729547.7476000004,2568335.9079,114,153,87,21
8021,4,20,729547.7476000004,2571335.9079,26,53,31,6
8022,2,22,729547.7476000004,2574335.9079,31,39,3,6
8023,2,11,729547.7476000004,2577335.9079,12,20,10,3
8024,4,5,729547.7476000004,2580335.9079,0,8,0,1
8025,3,8,729547.7476000004,2583335.9079,1,3,4,4
8026,4,13,729547.7476000004,2586335.9079,3,18,1,1
8027,3,19,729547.7476000004,2589335.9079,6,33,14,2
8028,1,13,729547.7476000004,2592335.9079,11,21,1,4
8029,5,3,729547.7476000004,2595335.9079,0,0,0,0
8030,3,3,729547.7476000004,2598335.9079,0,0,0,2
8031,2,3,729547.7476000004,2601335.9079,1,1,0,0
8034,4,1,729547.7476000004,2610335.9079,0,4,3,1
9011,3,4,732547.7476000004,2541335.9079,0,1,1,1
9012,5,12,732547.7476000004,2544335.9079,5,14,3,1
9013,4,7,732547.7476000004,2547335.9079,3,13,3,1
9014,3,14,732547.7476000004,2550335.9079,9,34,5,2
9015,1,19,732547.7476000004,2553335.9079,55,86,30,11
9016,3,25,732547.7476000004,2556335.9079,136,283,27,130
9017,1,25,732547.7476000004,2559335.9079,90,190,70,60
9018,4,22,732547.7476000004,2562335.9079,80,115,46,20
9019,5,17,732547.7476000004,2565335.9079,59,79,20,25
9020,4,22,732547.7476000004,2568335.9079,211,285,100,31
9021,4,25,732547.7476000004,2571335.9079,230,246,43,29
9022,1,21,732547.7476000004,2574335.9079,51,95,15,15
9023,5,9,732547.7476000004,2577335.9079,5,8,0,0
9024,4,6,732547.7476000004,2580335.9079,0,1,1,0
9025,2,15,732547.7476000004,2583335.9079,12,18,3,2
9026,1,14,732547.7476000004,2586335.9079,1,6,1,2
9027,5,3,732547.7476000004,2589335.9079,0,2,0,0
9028,5,4,732547.7476000004,2592335.9079,1,1,0,1
9029,4,12,732547.7476000004,2595335.9079,3,5,1,4
9030,1,3,732547.7476000004,2598335.9079,0,2,1,0
9031,2,2,732547.7476000004,2601335.9079,0,2,0,0
9033,2,1,732547.7476000004,2607335.9079,0,0,0,0
9034,1,1,732547.7476000004,2610335.9079,0,0,0,0
10007,4,1,735547.7476000004,2529335.9079,0,0,0,1
10008,2,1,735547.7476000004,2532335.9079,0,0,0,0
10009,4,5,735547.7476000004,2535335.9079,0,2,0,0
10010,1,4,735547.7476000004,2538335.9079,1,4,0,0
10011,3,9,735547.7476000004,2541335.9079,11,18,1,8
10012,2,10,735547.7476000004,2544335.9079,12,16,5,3
10013,5,19,735547.7476000004,2547335.9079,36,69,26,29
10014,2,22,735547.7476000004,2550335.9079,51,88,15,18
10015,2,24,735547.7476000004,2553335.9079,47,89,18,18
10016,3,25,735547.7476000004,2556335.9079,54,153,38,35
10017,3,20,735547.7476000004,2559335.9079,60,125,63,33
10018,5,22,735547.7476000004,2562335.9079,31,68,55,11
10019,3,5,735547.7476000004,2565335.9079,0,9,7,1
10020,5,8,735547.7476000004,2568335.9079,9,18,3,0
10021,1,18,735547.7476000004,2571335.9079,116,154,48,25
10022,3,22,735547.7476000004,2574335.9079,58,145,31,24
10023,5,22,735547.7476000004,2577335.9079,27,79,28,9
10024,5,13,735547.7476000004,2580335.9079,3,10,1,0
10025,1,14,735547.7476000004,2583335.9079,23,50,13,11
10026,4,3,735547.7476000004,2586335.9079,0,2,0,0
10027,5,1,735547.7476000004,2589335.9079,0,0,0,0
10028,2,1,735547.7476000004,2592335.9079,0,2,0,0
10029,5,7,735547.7476000004,2595335.9079,0,7,0,1
10030,5,1,735547.7476000004,2598335.9079,1,0,0,0
10033,1,1,735547.7476000004,2607335.9079,0,1,0,0
11006,4,4,738547.7476000004,2526335.9079,0,1,1,1
11007,4,5,738547.7476000004,2529335.9079,6,2,0,0
11008,5,1,738547.7476000004,2532335.9079,0,0,1,0
11009,1,11,738547.7476000004,2535335.9079,9,6,1,1
11010,1,15,738547.7476000004,2538335.9079,12,19,0,3
11011,1,12,738547.7476000004,2541335.9079,18,27,7,4
11012,5,15,738547.7476000004,2544335.9079,21,49,9,10
11013,1,17,738547.7476000004,2547335.9079,50,154,40,67
11014,1,16,738547.7476000004,2550335.9079,21,45,15,10
11015,1,11,738547.7476000004,2553335.9079,11,36,7,3
11016,3,23,738547.7476000004,2556335.9079,90,257,23,20
11017,5,20,738547.7476000004,2559335.9079,90,283,138,170
11018,3,22,738547.7476000004,2562335.9079,45,173,88,63
11019,2,25,738547.7476000004,2565335.9079,84,155,85,31
11020,3,19,738547.7476000004,2568335.9079,69,93,35,11
11021,4,11,738547.7476000004,2571335.9079,16,36,19,1
11022,2,11,738547.7476000004,2574335.9079,15,43,12,5
11023,5,20,738547.7476000004,2577335.9079,13,27,7,6
11024,4,16,738547.7476000004,2580335.9079,9,23,5,2
11025,4,5,738547.7476000004,2583335.9079,1,3,0,1
11026,3,4,738547.7476000004,2586335.9079,0,4,0,0
11027,3,2,738547.7476000004,2589335.9079,1,0,0,0
11028,2,1,738547.7476000004,2592335.9079,0,1,0,0
11029,3,7,738547.7476000004,2595335.9079,1,6,3,2
11030,5,4,738547.7476000004,2598335.9079,0,1,0,0
11035,3,1,738547.7476000004,2613335.9079,0,0,0,0
12006,5,3,741547.7476000004,2526335.9079,0,1,0,0
12007,5,6,741547.7476000004,2529335.9079,7,1,3,4
12008,1,5,741547.7476000004,2532335.9079,0,7,1,2
12009,4,12,741547.7476000004,2535335.9079,17,21,0,3
12010,2,25,741547.7476000004,2538335.9079,59,79,22,23
12011,3,24,741547.7476000004,2541335.9079,75,100,4,26
12012,4,20,741547.7476000004,2544335.9079,25,39,9,10
12013,2,18,741547.7476000004,2547335.9079,37,86,15,17
12014,2,6,741547.7476000004,2550335.9079,8,7,2,0
12015,2,11,741547.7476000004,2553335.9079,7,19,8,3
12016,4,15,741547.7476000004,2556335.9079,20,25,9,5
12017,1,24,741547.7476000004,2559335.9079,36,150,46,15
12018,3,18,741547.7476000004,2562335.9079,23,71,71,24
12019,5,11,741547.7476000004,2565335.9079,6,24,11,3
12020,1,14,741547.7476000004,2568335.9079,9,43,21,10
12021,3,8,741547.7476000004,2571335.9079,6,11,6,0
12022,1,12,741547.7476000004,2574335.9079,33,68,84,8
12023,4,13,741547.7476000004,2577335.9079,40,79,36,14
12024,2,18,741547.7476000004,2580335.9079,24,61,14,2
12025,4,17,741547.7476000004,2583335.9079,5,24,2,2
12026,5,17,741547.7476000004,2586335.9079,11,20,0,5
12027,4,7,741547.7476000004,2589335.9079,4,1,0,0
12028,1,4,741547.7476000004,2592335.9079,1,2,0,0
12029,5,3,741547.7476000004,2595335.9079,2,3,1,0
12030,2,1,741547.7476000004,2598335.9079,0,0,0,0
12035,1,1,741547.7476000004,2613335.9079,0,0,0,0
13004,5,1,744547.7476000004,2520335.9079,0,1,0,0
13005,3,6,744547.7476000004,2523335.9079,1,2,2,1
13006,3,2,744547.7476000004,2526335.9079,0,1,0,2
13007,5,8,744547.7476000004,2529335.9079,3,0,1,0
13008,4,4,744547.7476000004,2532335.9079,0,0,1,0
13009,1,6,744547.7476000004,2535335.9079,4,5,0,1
13010,2,20,744547.7476000004,2538335.9079,28,54,9,13
13011,2,21,744547.7476000004,2541335.9079,24,29,6,11
13012,3,15,744547.7476000004,2544335.9079,3,21,2,2
13013,1,21,744547.7476000004,2547335.9079,25,60,21,13
13014,4,6,744547.7476000004,2550335.9079,9,11,0,1
13015,3,5,744547.7476000004,2553335.9079,6,14,1,0
13016,5,13,744547.7476000004,2556335.9079,19,31,3,3
13017,3,20,744547.7476000004,2559335.9079,111,190,69,45
13018,5,16,744547.7476000004,2562335.9079,27,52,154,23
13019,4,9,744547.7476000004,2565335.9079,14,58,97,25
13020,3,16,744547.7476000004,2568335.9079,4,31,19,3
13021,2,2,744547.7476000004,2571335.9079,0,1,1,0
13024,5,4,744547.7476000004,2580335.9079,4,3,0,1
13025,2,11,744547.7476000004,2583335.9079,6,11,1,0
13026,1,12,744547.7476000004,2586335.9079,1,6,2,0
13027,3,12,744547.7476000004,2589335.9079,19,32,3,4
13028,4,1,744547.7476000004,2592335.9079,0,1,0,0
13029,2,2,744547.7476000004,2595335.9079,0,1,0,0
13035,3,1,744547.7476000004,2613335.9079,0,0,0,0
13036,2,1,744547.7476000004,2616335.9079,0,0,0,0
13037,2,3,744547.7476000004,2619335.9079,0,0,0,0
13038,3,2,744547.7476000004,2622335.9079,0,0,0,0
13039,2,2,744547.7476000004,2625335.9079,0,1,0,0
14004,1,1,747547.7476000004,2520335.9079,0,0,0,2
14005,1,10,747547.7476000004,2523335.9079,5,13,6,3
14006,3,4,747547.7476000004,2526335.9079,6,2,0,0
14008,5,6,747547.7476000004,2532335.9079,1,0,0,3
14009,4,2,747547.7476000004,2535335.9079,1,2,0,0
14010,1,8,747547.7476000004,2538335.9079,5,5,1,0
14011,1,20,747547.7476000004,2541335.9079,16,38,12,12
14012,1,10,747547.7476000004,2544335.9079,4,7,0,2
14014,5,4,747547.7476000004,2550335.9079,2,5,0,2
14015,2,7,747547.7476000004,2553335.9079,1,8,1,3
14016,4,11,747547.7476000004,2556335.9079,3,18,5,10
14017,1,24,747547.7476000004,2559335.9079,58,143,69,39
14018,4,15,747547.7476000004,2562335.9079,25,30,25,16
14019,3,13,747547.7476000004,2565335.9079,4,41,6,6
14020,5,12,747547.7476000004,2568335.9079,2,23,1,2
14021,4,2,747547.7476000004,2571335.9079,0,0,0,0
14022,5,1,747547.7476000004,2574335.9079,0,1,0,0
14023,1,2,747547.7476000004,2577335.9079,1,0,1,0
14024,5,2,747547.7476000004,2580335.9079,1,0,0,0
14025,4,4,747547.7476000004,2583335.9079,0,1,1,1
14026,2,5,747547.7476000004,2586335.9079,3,7,0,0
14027,5,12,747547.7476000004,2589335.9079,3,18,2,1
14028,3,3,747547.7476000004,2592335.9079,0,1,0,1
14034,4,1,747547.7476000004,2610335.9079,0,0,0,0
14035,3,1,747547.7476000004,2613335.9079,0,2,0,0
14036,5,2,747547.7476000004,2616335.9079,1,1,1,0
14038,2,1,747547.7476000004,2622335.9079,0,0,0,0
15006,4,2,750547.7476000004,2526335.9079,0,0,0,0
15007,2,5,750547.7476000004,2529335.9079,0,4,1,1
15008,3,9,750547.7476000004,2532335.9079,1,6,4,4
15009,4,5,750547.7476000004,2535335.9079,0,1,0,1
15010,1,5,750547.7476000004,2538335.9079,0,2,2,0
15011,5,12,750547.7476000004,2541335.9079,14,24,4,6
15012,3,6,750547.7476000004,2544335.9079,2,2,0,0
15013,1,2,750547.7476000004,2547335.9079,1,3,0,0
15014,2,8,750547.7476000004,2550335.9079,4,11,1,1
15016,3,11,750547.7476000004,2556335.9079,19,40,14,11
15017,2,14,750547.7476000004,2559335.9079,19,37,11,9
15018,4,19,750547.7476000004,2562335.9079,6,19,7,3
15019,2,8,750547.7476000004,2565335.9079,3,13,3,4
15020,2,5,750547.7476000004,2568335.9079,4,8,0,0
15021,1,1,750547.7476000004,2571335.9079,0,0,0,0
15022,2,6,750547.7476000004,2574335.9079,7,3,0,0
15023,4,2,750547.7476000004,2577335.9079,2,0,0,0
15024,5,3,750547.7476000004,2580335.9079,1,2,0,0
15025,1,2,750547.7476000004,2583335.9079,1,2,0,1
15026,1,4,750547.7476000004,2586335.9079,3,5,0,0
15027,2,4,750547.7476000004,2589335.9079,0,7,0,1
15028,1,9,750547.7476000004,2592335.9079,7,12,0,2
15029,4,1,750547.7476000004,2595335.9079,0,0,0,0
15035,5,1,750547.7476000004,2613335.9079,0,0,0,0
16005,3,1,753547.7476000004,2523335.9079,0,0,1,1
16006,2,5,753547.7476000004,2526335.9079,0,1,1,1
16007,3,6,753547.7476000004,2529335.9079,5,3,1,1
16008,4,9,753547.7476000004,2532335.9079,0,2,3,4
16010,2,8,753547.7476000004,2538335.9079,2,4,0,2
16011,2,13,753547.7476000004,2541335.9079,5,22,2,3
16012,2,4,753547.7476000004,2544335.9079,4,10,0,3
16013,1,2,753547.7476000004,2547335.9079,1,0,0,0
16014,4,4,753547.7476000004,2550335.9079,1,3,0,0
16015,1,1,753547.7476000004,2553335.9079,0,1,0,0
16016,5,11,753547.7476000004,2556335.9079,3,25,1,2
16017,4,6,753547.7476000004,2559335.9079,6,25,27,13
16018,5,6,753547.7476000004,2562335.9079,0,1,1,0
16019,4,14,753547.7476000004,2565335.9079,4,28,13,13
16020,4,5,753547.7476000004,2568335.9079,7,12,1,1
16021,5,1,753547.7476000004,2571335.9079,0,1,0,0
16022,4,3,753547.7476000004,2574335.9079,4,2,0,0
16023,4,1,753547.7476000004,2577335.9079,0,0,0,0
16024,1,5,753547.7476000004,2580335.9079,3,4,0,0
16026,3,1,753547.7476000004,2586335.9079,0,0,1,0
16027,4,4,753547.7476000004,2589335.9079,4,9,4,6
16028,1,8,753547.7476000004,2592335.9079,2,15,0,1
16029,3,7,753547.7476000004,2595335.9079,0,14,3,3
16030,3,2,753547.7476000004,2598335.9079,0,0,0,0
16031,2,1,753547.7476000004,2601335.9079,0,0,0,0
16034,1,1,753547.7476000004,2610335.9079,0,0,0,0
16037,5,1,753547.7476000004,2619335.9079,0,0,0,0
17002,4,1,756547.7476000004,2514335.9079,0,0,0,0
17003,4,11,756547.7476000004,2517335.9079,1,6,2,0
17004,5,2,756547.7476000004,2520335.9079,1,1,1,0
17005,1,2,756547.7476000004,2523335.9079,0,2,0,0
17006,4,12,756547.7476000004,2526335.9079,11,27,10,3
17007,3,1,756547.7476000004,2529335.9079,1,2,0,0
17008,3,3,756547.7476000004,2532335.9079,0,0,0,1
17010,4,3,756547.7476000004,2538335.9079,0,2,0,0
17011,2,7,756547.7476000004,2541335.9079,3,8,4,0
17012,5,7,756547.7476000004,2544335.9079,3,2,1,3
17013,2,1,756547.7476000004,2547335.9079,0,0,0,0
17014,1,2,756547.7476000004,2550335.9079,1,0,0,1
17015,1,8,756547.7476000004,2553335.9079,0,8,6,1
17016,5,8,756547.7476000004,2556335.9079,1,15,0,0
17017,5,6,756547.7476000004,2559335.9079,2,3,0,1
17018,4,7,756547.7476000004,2562335.9079,3,5,1,0
17019,5,15,756547.7476000004,2565335.9079,8,45,2,4
17020,1,2,756547.7476000004,2568335.9079,1,1,0,0
17021,1,5,756547.7476000004,2571335.9079,0,3,0,0
17023,1,1,756547.7476000004,2577335.9079,0,0,0,0
17025,3,3,756547.7476000004,2583335.9079,0,0,0,0
17026,2,4,756547.7476000004,2586335.9079,1,3,1,1
17027,4,1,756547.7476000004,2589335.9079,0,0,0,0
17028,5,1,756547.7476000004,2592335.9079,0,0,0,0
17029,1,3,756547.7476000004,2595335.9079,1,0,0,1
17030,2,2,756547.7476000004,2598335.9079,3,3,0,0
17031,4,2,756547.7476000004,2601335.9079,2,0,0,1
17032,1,1,756547.7476000004,2604335.9079,0,1,0,0
17034,4,3,756547.7476000004,2610335.9079,0,0,0,1
17035,2,2,756547.7476000004,2613335.9079,0,1,0,1
18001,5,5,759547.7476000004,2511335.9079,0,2,0,1
18002,5,2,759547.7476000004,2514335.9079,0,0,0,0
18003,2,1,759547.7476000004,2517335.9079,0,1,0,0
18004,1,3,759547.7476000004,2520335.9079,0,1,0,1
18005,4,17,759547.7476000004,2523335.9079,21,76,11,24
18006,2,2,759547.7476000004,2526335.9079,1,1,1,0
18007,4,3,759547.7476000004,2529335.9079,0,1,0,1
18009,4,1,759547.7476000004,2535335.9079,0,0,1,0
18014,3,1,759547.7476000004,2550335.9079,0,0,0,0
18015,2,10,759547.7476000004,2553335.9079,4,21,1,2
18016,5,18,759547.7476000004,2556335.9079,2,21,3,6
18017,1,17,759547.7476000004,2559335.9079,10,21,3,10
18018,3,14,759547.7476000004,2562335.9079,3,11,2,0
18019,1,7,759547.7476000004,2565335.9079,3,8,1,0
18020,3,2,759547.7476000004,2568335.9079,2,4,0,0
18021,2,1,759547.7476000004,2571335.9079,0,1,0,0
18022,4,2,759547.7476000004,2574335.9079,0,0,0,0
18023,1,1,759547.7476000004,2577335.9079,0,0,0,0
18024,5,1,759547.7476000004,2580335.9079,0,0,0,0
18025,4,9,759547.7476000004,2583335.9079,2,27,0,4
18026,4,2,759547.7476000004,2586335.9079,0,0,0,0
18027,4,1,759547.7476000004,2589335.9079,0,0,0,0
18028,5,2,759547.7476000004,2592335.9079,0,0,0,0
18029,3,1,759547.7476000004,2595335.9079,0,0,0,0
18031,5,5,759547.7476000004,2601335.9079,1,1,0,0
18032,2,1,759547.7476000004,2604335.9079,1,0,0,0
18033,5,2,759547.7476000004,2607335.9079,0,1,0,0
18034,1,4,759547.7476000004,2610335.9079,0,2,0,6
18035,1,1,759547.7476000004,2613335.9079,0,0,1,0
18036,5,1,759547.7476000004,2616335.9079,0,0,0,0
19000,5,2,762547.7476000004,2508335.9079,0,0,0,0
19001,1,3,762547.7476000004,2511335.9079,0,2,1,1
19002,3,5,762547.7476000004,2514335.9079,0,6,2,1
19003,2,2,762547.7476000004,2517335.9079,1,1,1,0
19004,1,6,762547.7476000004,2520335.9079,0,7,3,1
19005,3,12,762547.7476000004,2523335.9079,7,39,12,13
19006,5,2,762547.7476000004,2526335.9079,2,2,0,0
19007,4,1,762547.7476000004,2529335.9079,0,0,0,0
19016,1,8,762547.7476000004,2556335.9079,5,7,2,3
19017,4,24,762547.7476000004,2559335.9079,15,68,19,9
19018,2,5,762547.7476000004,2562335.9079,3,6,3,1
19019,3,1,762547.7476000004,2565335.9079,0,1,0,0
19020,3,11,762547.7476000004,2568335.9079,2,27,2,2
19021,2,1,762547.7476000004,2571335.9079,0,0,1,0
19022,1,1,762547.7476000004,2574335.9079,0,0,0,0
19023,4,7,762547.7476000004,2577335.9079,1,3,0,0
19024,3,4,762547.7476000004,2580335.9079,0,0,1,0
19025,5,1,762547.7476000004,2583335.9079,0,0,0,0
19027,4,1,762547.7476000004,2589335.9079,0,0,0,0
19029,3,1,762547.7476000004,2595335.9079,0,0,0,0
19031,2,1,762547.7476000004,2601335.9079,0,0,0,0
19032,2,7,762547.7476000004,2604335.9079,1,5,0,0
19033,2,14,762547.7476000004,2607335.9079,3,40,3,11
19034,2,3,762547.7476000004,2610335.9079,0,0,0,1
19036,4,2,762547.7476000004,2616335.9079,0,1,1,1
20000,1,1,765547.7476000004,2508335.9079,0,0,0,0
20001,5,1,765547.7476000004,2511335.9079,0,0,0,0
20003,3,9,765547.7476000004,2517335.9079,3,12,3,2
20004,3,7,765547.7476000004,2520335.9079,1,1,1,1
20005,1,4,765547.7476000004,2523335.9079,0,6,1,1
20016,2,6,765547.7476000004,2556335.9079,3,11,5,0
20017,1,22,765547.7476000004,2559335.9079,21,107,43,33
20018,5,15,765547.7476000004,2562335.9079,3,23,5,5
20019,3,11,765547.7476000004,2565335.9079,5,11,0,3
20020,3,12,765547.7476000004,2568335.9079,3,24,0,3
20021,3,3,765547.7476000004,2571335.9079,3,3,0,0
20022,1,3,765547.7476000004,2574335.9079,0,2,1,0
20023,1,5,765547.7476000004,2577335.9079,1,9,1,0
20024,2,9,765547.7476000004,2580335.9079,1,3,0,0
20025,4,1,765547.7476000004,2583335.9079,0,1,0,0
20026,3,1,765547.7476000004,2586335.9079,0,1,0,0
20027,2,1,765547.7476000004,2589335.9079,0,0,0,0
20028,1,1,765547.7476000004,2592335.9079,0,0,0,0
20031,4,3,765547.7476000004,2601335.9079,0,0,0,0
20032,3,13,765547.7476000004,2604335.9079,4,25,3,2
20033,4,15,765547.7476000004,2607335.9079,5,47,1,10
20034,5,5,765547.7476000004,2610335.9079,2,1,1,1
20035,5,1,765547.7476000004,2613335.9079,0,0,0,1
20036,4,1,765547.7476000004,2616335.9079,0,1,0,0
21000,1,2,768547.7476000004,2508335.9079,0,2,0,1
21004,4,2,768547.7476000004,2520335.9079,3,4,0,0
21017,2,23,768547.7476000004,2559335.9079,18,130,342,29
21018,4,23,768547.7476000004,2562335.9079,5,54,65,12
21019,5,9,768547.7476000004,2565335.9079,1,18,9,4
21020,2,4,768547.7476000004,2568335.9079,1,4,0,0
21021,2,3,768547.7476000004,2571335.9079,1,0,0,0
21022,5,4,768547.7476000004,2574335.9079,1,4,0,0
21023,5,14,768547.7476000004,2577335.9079,14,33,3,1
21024,5,10,768547.7476000004,2580335.9079,1,10,1,0
21025,3,3,768547.7476000004,2583335.9079,1,2,0,0
21026,1,6,768547.7476000004,2586335.9079,4,6,3,0
21027,3,1,768547.7476000004,2589335.9079,0,0,0,0
21028,5,1,768547.7476000004,2592335.9079,0,0,0,0
21030,4,1,768547.7476000004,2598335.9079,1,0,0,0
21031,3,1,768547.7476000004,2601335.9079,0,0,0,0
21032,1,3,768547.7476000004,2604335.9079,0,2,0,0
21033,5,3,768547.7476000004,2607335.9079,0,2,0,0
21034,2,1,768547.7476000004,2610335.9079,0,0,0,0
21035,2,2,768547.7476000004,2613335.9079,0,0,0,0
21036,4,1,768547.7476000004,2616335.9079,0,0,0,0
21038,3,1,768547.7476000004,2622335.9079,0,0,0,0
22001,4,3,771547.7476000004,2511335.9079,0,0,1,0
22017,3,10,771547.7476000004,2559335.9079,2,27,139,5
22018,2,16,771547.7476000004,2562335.9079,2,23,37,2
22019,4,14,771547.7476000004,2565335.9079,1,24,11,3
22020,2,1,771547.7476000004,2568335.9079,0,0,0,0
22021,3,4,771547.7476000004,2571335.9079,3,12,3,4
22023,4,4,771547.7476000004,2577335.9079,2,9,0,0
22024,1,2,771547.7476000004,2580335.9079,0,1,0,0
22025,3,2,771547.7476000004,2583335.9079,0,0,0,0
22027,1,1,771547.7476000004,2589335.9079,0,0,0,0
22032,5,1,771547.7476000004,2604335.9079,0,0,0,0
22034,4,1,771547.7476000004,2610335.9079,0,0,0,0
22035,5,3,771547.7476000004,2613335.9079,2,0,0,0
22036,3,2,771547.7476000004,2616335.9079,0,6,0,0
22037,3,1,771547.7476000004,2619335.9079,0,5,0,0
22039,2,1,771547.7476000004,2625335.9079,0,0,0,0
23000,1,1,774547.7476000004,2508335.9079,0,1,0,0
23017,5,1,774547.7476000004,2559335.9079,0,2,6,0
23018,2,4,774547.7476000004,2562335.9079,1,2,4,0
23019,1,3,774547.7476000004,2565335.9079,1,5,0,0
23020,4,1,774547.7476000004,2568335.9079,0,1,0,0
23022,3,1,774547.7476000004,2574335.9079,0,0,0,0
23023,5,5,774547.7476000004,2577335.9079,3,30,0,2
23024,2,1,774547.7476000004,2580335.9079,1,0,0,0
23028,5,1,774547.7476000004,2592335.9079,0,0,0,0
23032,1,1,774547.7476000004,2604335.9079,0,0,0,0
23033,4,1,774547.7476000004,2607335.9079,1,0,0,0
23038,3,1,774547.7476000004,2622335.9079,0,0,0,0
24018,2,1,777547.7476000004,2562335.9079,0,0,0,0
24019,5,9,777547.7476000004,2565335.9079,4,6,0,1
24020,4,2,777547.7476000004,2568335.9079,0,2,0,0
24021,1,1,777547.7476000004,2571335.9079,0,0,0,0
24023,1,2,777547.7476000004,2577335.9079,0,1,0,0
24027,5,1,777547.7476000004,2589335.9079,1,0,0,0
24028,4,1,777547.7476000004,2592335.9079,0,0,1,0
24029,3,1,777547.7476000004,2595335.9079,0,0,0,0
24030,2,1,777547.7476000004,2598335.9079,0,0,0,0
24034,1,1,777547.7476000004,2610335.9079,0,0,0,0
24036,5,1,777547.7476000004,2616335.9079,0,0,0,0
24039,2,4,777547.7476000004,2625335.9079,0,1,0,0
25019,4,1,780547.7476000004,2565335.9079,1,0,0,0
25020,3,4,780547.7476000004,2568335.9079,0,3,1,0
25021,3,1,780547.7476000004,2571335.9079,0,2,0,0
25023,1,4,780547.7476000004,2577335.9079,0,2,0,1
25027,5,3,780547.7476000004,2589335.9079,1,0,0,0
25029,2,1,780547.7476000004,2595335.9079,0,0,0,0
25030,5,1,780547.7476000004,2598335.9079,1,0,0,0
25031,3,2,780547.7476000004,2601335.9079,0,0,0,0
25034,1,1,780547.7476000004,2610335.9079,0,0,0,0
26018,1,1,783547.7476000004,2562335.9079,0,0,0,0
26019,5,2,783547.7476000004,2565335.9079,0,1,0,0
26020,4,8,783547.7476000004,2568335.9079,1,4,7,0
26022,3,3,783547.7476000004,2574335.9079,2,0,0,1
26023,2,7,783547.7476000004,2577335.9079,0,9,1,0
26025,3,1,783547.7476000004,2583335.9079,0,2,0,0
26028,4,3,783547.7476000004,2592335.9079,0,4,0,0
26029,1,1,783547.7476000004,2595335.9079,0,0,0,0
26030,5,1,783547.7476000004,2598335.9079,0,1,0,0
26031,4,8,783547.7476000004,2601335.9079,2,10,0,0
26033,1,3,783547.7476000004,2607335.9079,1,0,0,0
26034,5,2,783547.7476000004,2610335.9079,2,0,0,0
26038,4,1,783547.7476000004,2622335.9079,0,0,0,0
26040,3,1,783547.7476000004,2628335.9079,1,0,0,0
26044,2,1,783547.7476000004,2640335.9079,0,0,0,0
27019,3,7,786547.7476000004,2565335.9079,9,26,3,4
27020,1,7,786547.7476000004,2568335.9079,1,14,0,2
27021,1,1,786547.7476000004,2571335.9079,0,0,0,0
27022,5,1,786547.7476000004,2574335.9079,0,3,0,0
27023,2,8,786547.7476000004,2577335.9079,8,28,10,8
27024,5,11,786547.7476000004,2580335.9079,11,20,3,2
27025,4,1,786547.7476000004,2583335.9079,0,0,0,0
27028,2,3,786547.7476000004,2592335.9079,2,2,0,0
27030,3,1,786547.7476000004,2598335.9079,0,0,0,0
27033,2,1,786547.7476000004,2607335.9079,0,0,0,0
28017,1,1,789547.7476000004,2559335.9079,0,0,0,0
28018,3,4,789547.7476000004,2562335.9079,0,3,1,1
28021,5,6,789547.7476000004,2571335.9079,3,12,1,1
28022,3,5,789547.7476000004,2574335.9079,0,3,0,0
28023,2,16,789547.7476000004,2577335.9079,18,82,8,11
28024,3,17,789547.7476000004,2580335.9079,18,80,14,26
28025,5,1,789547.7476000004,2583335.9079,0,0,1,0
28027,5,4,789547.7476000004,2589335.9079,0,1,0,0
28028,4,1,789547.7476000004,2592335.9079,0,1,0,0
28029,2,1,789547.7476000004,2595335.9079,0,0,0,0
28030,3,1,789547.7476000004,2598335.9079,0,1,0,0
28031,1,1,789547.7476000004,2601335.9079,0,0,0,0
28032,5,1,789547.7476000004,2604335.9079,1,0,0,0
28044,4,1,789547.7476000004,2640335.9079,0,0,0,0
29019,5,2,792547.7476000004,2565335.9079,0,0,0,0
29020,5,5,792547.7476000004,2568335.9079,2,1,1,2
29021,4,2,792547.7476000004,2571335.9079,0,1,0,0
29022,1,4,792547.7476000004,2574335.9079,2,1,0,0
29023,4,5,792547.7476000004,2577335.9079,0,1,0,0
29024,1,2,792547.7476000004,2580335.9079,0,0,0,0
29025,3,1,792547.7476000004,2583335.9079,0,0,0,0
29026,2,1,792547.7476000004,2586335.9079,0,1,0,0
29027,2,3,792547.7476000004,2589335.9079,0,0,0,0
29028,1,1,792547.7476000004,2592335.9079,0,0,0,0
29032,2,2,792547.7476000004,2604335.9079,1,0,0,0
29039,5,1,792547.7476000004,2625335.9079,0,0,0,0
29046,4,1,792547.7476000004,2646335.9079,0,0,0,0
30027,3,1,795547.7476000004,2589335.9079,0,0,0,0
30028,3,4,795547.7476000004,2592335.9079,0,4,0,0
30029,2,1,795547.7476000004,2595335.9079,0,0,0,0
30041,2,2,795547.7476000004,2631335.9079,0,0,0,0
31027,1,1,798547.7476000004,2589335.9079,0,0,0,0
31028,5,2,798547.7476000004,2592335.9079,0,1,0,0
31042,5,1,798547.7476000004,2634335.9079,0,0,0,0
32043,2,2,801547.7476000004,2637335.9079,0,0,0,0
33043,4,1,804547.7476000004,2637335.9079,0,0,0,0
33046,2,1,804547.7476000004,2646335.9079,0,0,0,0
34043,4,1,807547.7476000004,2637335.9079,0,0,0,0
