category,feature,gain_importance,relative_importance_percent,rank
Y1,X1,0.35465782880783081,35.465782880783081,1
Y1,X2,0.039417151361703873,3.9417151361703873,9
Y1,X3,0.031464789062738419,3.1464789062738419,10
Y1,X4,0.01358437817543745,1.358437817543745,12
Y1,X6,0.10465894639492035,10.465894639492035,2
Y1,X7,0.069166496396064758,6.9166496396064758,7
Y1,X8,0,0,13
Y1,X19,0.01440579816699028,1.440579816699028,11
Y1,X10,0.083701133728027344,8.3701133728027344,4
Y1,X14,0.084911838173866272,8.4911838173866272,3
Y1,X17,0.079796887934207916,7.9796887934207916,6
Y1,X18,0.080606222152709961,8.0606222152709961,5
Y1,X22,0.043628502637147903,4.3628502637147903,8
Y2,X1,0.31266084313392639,31.266084313392639,1
Y2,X2,0.018297795206308365,1.8297795206308365,12
Y2,X3,0.20758289098739624,20.758289098739624,2
Y2,X4,0.037450823932886124,3.7450823932886124,9
Y2,X6,0.062014862895011902,6.2014862895011902,4
Y2,X7,0.018776958808302879,1.8776958808302879,11
Y2,X8,0.011634034104645252,1.1634034104645252,13
Y2,X19,0.048134617507457733,4.8134617507457733,6
Y2,X10,0.044150866568088531,4.4150866568088531,8
Y2,X14,0.027556605637073517,2.7556605637073517,10
Y2,X17,0.11152726411819458,11.152726411819458,3
Y2,X18,0.055216997861862183,5.5216997861862183,5
Y2,X22,0.044995468109846115,4.4995468109846115,7
Y3,X1,0.13661618530750275,13.661618530750275,3
Y3,X2,0,0,10
Y3,X3,0.064542680978775024,6.4542680978775024,7
Y3,X4,0,0,10
Y3,X6,0.13168962299823761,13.168962299823761,4
Y3,X7,0,0,10
Y3,X8,0.081442132592201233,8.1442132592201233,5
Y3,X19,0.033799357712268829,3.3799357712268829,9
Y3,X10,0,0,10
Y3,X14,0.19996526837348938,19.996526837348938,2
Y3,X17,0.074058055877685547,7.4058055877685547,6
Y3,X18,0.22894500195980072,22.894500195980072,1
Y3,X22,0.048941727727651596,4.8941727727651596,8
Y4,X1,0.11498429626226425,11.498429626226425,3
Y4,X2,0.071424327790737152,7.1424327790737152,7
Y4,X3,0,0,13
Y4,X4,0.096357956528663635,9.6357956528663635,4
Y4,X6,0.065134041011333466,6.5134041011333466,8
Y4,X7,0.089651197195053101,8.9651197195053101,5
Y4,X8,0.031450733542442322,3.1450733542442322,12
Y4,X19,0.048489157110452652,4.8489157110452652,10
Y4,X10,0.071551769971847534,7.1551769971847534,6
Y4,X14,0.042516186833381653,4.2516186833381653,11
Y4,X17,0.15713153779506683,15.713153779506683,1
Y4,X18,0.063859850168228149,6.3859850168228149,9
Y4,X22,0.14744892716407776,14.744892716407776,2
