scale,category,feature,mean_gain,sd_gain,rank
600m,Y1,X1,0.35675209760665894,0.013687081634998322,1
600m,Y1,X2,0.037103313952684402,0.027339203283190727,10
600m,Y1,X3,0.038384817540645599,0.0065092514269053936,9
600m,Y1,X4,0.023478735238313675,0.012445925734937191,12
600m,Y1,X6,0.10702808946371078,0.013845985755324364,2
600m,Y1,X7,0.068436719477176666,0.033811312168836594,5
600m,Y1,X8,0.012436762452125549,0.018014395609498024,13
600m,Y1,X19,0.02699139341711998,0.019519655033946037,11
600m,Y1,X10,0.076823346316814423,0.019373273476958275,4
600m,Y1,X14,0.058337531983852386,0.031349204480648041,7
600m,Y1,X17,0.081608399748802185,0.0079327719286084175,3
600m,Y1,X18,0.067733839154243469,0.022924089804291725,6
600m,Y1,X22,0.04488498717546463,0.013332867063581944,8
600m,Y2,X1,0.30556342005729675,0.0216183140873909,1
600m,Y2,X2,0.021154943853616714,0.0057710106484591961,11
600m,Y2,X3,0.063132591545581818,0.082297898828983307,7
600m,Y2,X4,0.084008321166038513,0.062465038150548935,3
600m,Y2,X6,0.075376495718955994,0.0176846943795681,4
600m,Y2,X7,0.01737668365240097,0.0050553567707538605,13
600m,Y2,X8,0.020435936748981476,0.009975021705031395,12
600m,Y2,X19,0.024259796366095543,0.020313184708356857,10
600m,Y2,X10,0.072146415710449219,0.031046411022543907,5
600m,Y2,X14,0.036442272365093231,0.01241379976272583,9
600m,Y2,X17,0.1508520096540451,0.042319998145103455,2
600m,Y2,X18,0.068205639719963074,0.01825612410902977,6
600m,Y2,X22,0.061045490205287933,0.017587082460522652,8
600m,Y3,X1,0.1644730418920517,0.030810438096523285,3
600m,Y3,X2,0,0,10
600m,Y3,X3,0.076249271631240845,0.049336221069097519,6
600m,Y3,X4,0,0,10
600m,Y3,X6,0.1460786908864975,0.017247894778847694,4
600m,Y3,X7,0,0,10
600m,Y3,X8,0.08709205687046051,0.05381431058049202,5
600m,Y3,X19,0.0067598717287182808,0.015115533024072647,9
600m,Y3,X10,0,0,10
600m,Y3,X14,0.21129807829856873,0.023005476221442223,1
600m,Y3,X17,0.033868223428726196,0.032751880586147308,8
600m,Y3,X18,0.19859108328819275,0.018703391775488853,2
600m,Y3,X22,0.075589671730995178,0.050864499062299728,7
600m,Y4,X1,0.19527190923690796,0.074436061084270477,2
600m,Y4,X2,0.014351919293403625,0.031904775649309158,11
600m,Y4,X3,0,0,13
600m,Y4,X4,0.064342819154262543,0.035878326743841171,6
600m,Y4,X6,0.24966569244861603,0.24007846415042877,1
600m,Y4,X7,0.025191241875290871,0.039314113557338715,10
600m,Y4,X8,0.025938738137483597,0.023371957242488861,9
600m,Y4,X19,0.014272612519562244,0.021539943292737007,12
600m,Y4,X10,0.028115581721067429,0.026796983554959297,8
600m,Y4,X14,0.029363635927438736,0.010531868785619736,7
600m,Y4,X17,0.11198989301919937,0.050339397042989731,4
600m,Y4,X18,0.14436838030815125,0.10440254956483841,3
600m,Y4,X22,0.097127579152584076,0.040622677654027939,5
1200m,Y1,X1,0.29776176810264587,0.044832658022642136,1
1200m,Y1,X2,0.027028670534491539,0.02311280183494091,11
1200m,Y1,X3,0.046212535351514816,0.0085468906909227371,8
1200m,Y1,X4,0.025966253131628036,0.017896847799420357,12
1200m,Y1,X6,0.10392365604639053,0.012548964470624924,3
1200m,Y1,X7,0.028165128082036972,0.016569865867495537,9
1200m,Y1,X8,0.06157318502664566,0.03315739706158638,6
1200m,Y1,X19,0.028001744300127029,0.037233833223581314,10
1200m,Y1,X10,0.065304718911647797,0.022286560386419296,5
1200m,Y1,X14,0.14392496645450592,0.075066611170768738,2
1200m,Y1,X17,0.090724751353263855,0.011318459175527096,4
1200m,Y1,X18,0.056400585919618607,0.0093936268240213394,7
1200m,Y1,X22,0.025012055411934853,0.014225809834897518,13
1200m,Y2,X1,0.44702839851379395,0.019062891602516174,1
1200m,Y2,X2,0.025082919746637344,0.0048185121268033981,13
1200m,Y2,X3,0.042665403336286545,0.021013116464018822,6
1200m,Y2,X4,0.035321153700351715,0.010645046830177307,9
1200m,Y2,X6,0.058158636093139648,0.012115607969462872,4
1200m,Y2,X7,0.038386993110179901,0.013429806567728519,7
1200m,Y2,X8,0.032711654901504517,0.0083376085385680199,10
1200m,Y2,X19,0.037698738276958466,0.015606654807925224,8
1200m,Y2,X10,0.057607542723417282,0.021161507815122604,5
1200m,Y2,X14,0.032452709972858429,0.0078661888837814331,11
1200m,Y2,X17,0.087636366486549377,0.01419138815253973,2
1200m,Y2,X18,0.073658540844917297,0.01617545448243618,3
1200m,Y2,X22,0.031590968370437622,0.011870902962982655,12
1200m,Y3,X1,0.31398922204971313,0.025104152038693428,1
1200m,Y3,X2,0.0029641934670507908,0.0066281384788453579,10
1200m,Y3,X3,0.044607765972614288,0.034749835729598999,7
1200m,Y3,X4,0.0032625086605548859,0.0072951917536556721,9
1200m,Y3,X6,0.14678321778774261,0.042166203260421753,3
1200m,Y3,X7,0.01861942745745182,0.017479030415415764,8
1200m,Y3,X8,0.071192562580108643,0.0051142130978405476,6
1200m,Y3,X19,0,0,11
1200m,Y3,X10,0,0,11
1200m,Y3,X14,0.078711517155170441,0.014857514761388302,4
1200m,Y3,X17,0.071871042251586914,0.064209111034870148,5
1200m,Y3,X18,0.24799856543540955,0.025031626224517822,2
1200m,Y3,X22,0,0,11
1200m,Y4,X1,0.12867563962936401,0.035646587610244751,4
1200m,Y4,X2,0.0060136043466627598,0.013446827419102192,13
1200m,Y4,X3,0.19465567171573639,0.13062784075737,1
1200m,Y4,X4,0.056081734597682953,0.055686298757791519,8
1200m,Y4,X6,0.083425208926200867,0.039726857095956802,5
1200m,Y4,X7,0.022831935435533524,0.016112655401229858,11
1200m,Y4,X8,0.028791982680559158,0.0045099160633981228,10
1200m,Y4,X19,0.082517281174659729,0.082481749355792999,6
1200m,Y4,X10,0.012374547310173512,0.013828685507178307,12
1200m,Y4,X14,0.14302654564380646,0.054298140108585358,3
1200m,Y4,X17,0.14314642548561096,0.080849446356296539,2
1200m,Y4,X18,0.06495349109172821,0.03425438329577446,7
1200m,Y4,X22,0.033505912870168686,0.014514230191707611,9
