mean_fit_time,std_fit_time,mean_score_time,std_score_time,param_learning_rate,param_max_depth,param_n_estimators,params,split0_test_score,split1_test_score,split2_test_score,mean_test_score,std_test_score,rank_test_score
0.12094632784525554,0.0061794060739625749,0.0028329690297444663,0.00084936975641969662,0.03,1,250,"{'learning_rate': 0.03, 'max_depth': 1, 'n_estimators': 250}",-11.717149121823592,-15.271160819295412,-16.485744922426846,-14.49135162118195,2.0233558372959708,7
0.14566095670064291,0.0013763358153228756,0.0036772092183430991,0.0011106170096946864,0.03,1,300,"{'learning_rate': 0.03, 'max_depth': 1, 'n_estimators': 300}",-11.772255779841823,-15.231503939994328,-16.548588216044905,-14.517449311960352,2.0142398722005899,12
0.16200701395670572,0.0020355235751111419,0.0032632350921630859,0.00089855463668191051,0.03,1,350,"{'learning_rate': 0.03, 'max_depth': 1, 'n_estimators': 350}",-11.808288646385256,-15.207755355443703,-16.605065300979831,-14.540369767602931,2.0143351609003344,15
0.22827474276224771,0.0041427855320661277,0.0032982826232910156,0.0016082849082352025,0.03,1,500,"{'learning_rate': 0.03, 'max_depth': 1, 'n_estimators': 500}",-11.894246886787561,-15.184868092651625,-16.751169086254418,-14.610094688564535,2.0240547855650033,22
0.15352964401245117,0.003234689546851533,0.0030022462209065757,0.00081546406984138106,0.03,2,250,"{'learning_rate': 0.03, 'max_depth': 2, 'n_estimators': 250}",-12.087277670386438,-15.431783990953557,-17.877104184022436,-15.132055281787476,2.3731695737732084,35
0.18514498074849448,0.0087362681944542896,0.0045440991719563799,0.0012244632350368299,0.03,2,300,"{'learning_rate': 0.03, 'max_depth': 2, 'n_estimators': 300}",-12.139172641846349,-15.576789260935,-18.071407212334236,-15.262456371705195,2.4320026896588156,37
0.21830375989278158,0.00620709911685204,0.0037783781687418618,0.00087698657532464151,0.03,2,350,"{'learning_rate': 0.03, 'max_depth': 2, 'n_estimators': 350}",-12.236329959439136,-15.66896649095381,-18.209513491408039,-15.371603313933662,2.4475905187117886,41
0.31511910756429035,0.0030511528047069574,0.0041411717732747393,0.0002646260307509509,0.03,2,500,"{'learning_rate': 0.03, 'max_depth': 2, 'n_estimators': 500}",-12.384876113131835,-15.97878272951472,-18.747018441582295,-15.703559094742948,2.604614467788275,48
0.2342216968536377,0.010640425460884943,0.0043566226959228516,0.00038941255229549531,0.03,3,250,"{'learning_rate': 0.03, 'max_depth': 3, 'n_estimators': 250}",-12.260725542549205,-15.440146761549252,-19.006441274512564,-15.569104526203674,2.755436173931209,46
0.27292553583780926,0.015507708195806703,0.0040031274159749346,1.6325822340785771e-06,0.03,3,300,"{'learning_rate': 0.03, 'max_depth': 3, 'n_estimators': 300}",-12.306297841328247,-15.555374676801911,-19.187415397097546,-15.683029305075902,2.8106543107930033,47
0.30806851387023926,0.0043206979586383077,0.00368348757425944,0.0028872135569509012,0.03,3,350,"{'learning_rate': 0.03, 'max_depth': 3, 'n_estimators': 350}",-12.424035630536737,-15.61959887599143,-19.356243437973198,-15.799959314833789,2.8329341311668736,49
0.46858342488606769,0.018074217441487666,0.0060333410898844404,0.00067359706921613766,0.03,3,500,"{'learning_rate': 0.03, 'max_depth': 3, 'n_estimators': 500}",-12.604522080111799,-15.720427664893126,-19.837051014110965,-16.05400025303863,2.9620737891951472,54
0.49385960896809894,0.022941473686035253,0.0061916510264078779,0.00060217511415510273,0.03,5,250,"{'learning_rate': 0.03, 'max_depth': 5, 'n_estimators': 250}",-15.968796189903381,-16.244953090650398,-18.735563674860071,-16.983104318471284,1.2442939109667785,61
0.59102098147074378,0.013845006522614296,0.0062570571899414062,0.0010130560199593365,0.03,5,300,"{'learning_rate': 0.03, 'max_depth': 5, 'n_estimators': 300}",-16.053830402984396,-16.255557615249941,-18.829107893180819,-17.046165303805054,1.2634177653754861,62
0.69414170583089196,0.018889603150733545,0.0074423154195149737,0.0015041631498059144,0.03,5,350,"{'learning_rate': 0.03, 'max_depth': 5, 'n_estimators': 350}",-16.09519276465592,-16.266865422451247,-18.91909851894259,-17.093718902016587,1.292639659708078,64
0.99141875902811682,0.027234546578871952,0.0097785790761311855,0.0012721222017604734,0.03,5,500,"{'learning_rate': 0.03, 'max_depth': 5, 'n_estimators': 500}",-16.39877085326194,-16.387332341700731,-19.073216036736259,-17.286439743899642,1.2634502629358237,66
2.0733472506205239,0.13498299698562991,0.011055231094360352,0.0016223511834735523,0.03,10,250,"{'learning_rate': 0.03, 'max_depth': 10, 'n_estimators': 250}",-21.960958449971823,-17.56669399830081,-20.424296598886045,-19.983983015719559,1.820768529393668,80
2.5353439648946128,0.1364926231716557,0.011026859283447266,0.0065171859938874879,0.03,10,300,"{'learning_rate': 0.03, 'max_depth': 10, 'n_estimators': 300}",-22.019181195858803,-17.586612075289207,-20.461183941500121,-20.022325737549377,1.8360037480967433,82
3.0330452919006348,0.073107821629141687,0.017116228739420574,0.00030988651946152685,0.03,10,350,"{'learning_rate': 0.03, 'max_depth': 10, 'n_estimators': 350}",-22.052322263966964,-17.595208738528086,-20.477718800587557,-20.041749934360869,1.84553820224197,84
4.6924835840861006,0.020887881960592519,0.024037361145019531,0.010284697872820029,0.03,10,500,"{'learning_rate': 0.03, 'max_depth': 10, 'n_estimators': 500}",-22.072992066723227,-17.571541400613309,-20.510046852418952,-20.05152677325183,1.8660912843168422,85
5.313482205073039,0.12657772618371826,0.030229886372884113,0.0059126746976134468,0.03,15,250,"{'learning_rate': 0.03, 'max_depth': 15, 'n_estimators': 250}",-28.481324449152858,-18.230144399655014,-21.114333453447337,-22.608600767418402,4.3163487043261757,91
7.2008984088897705,0.49547615836554737,0.053782463073730469,0.017404396322029218,0.03,15,300,"{'learning_rate': 0.03, 'max_depth': 15, 'n_estimators': 300}",-28.53816917375244,-18.244127068994541,-21.178500579457495,-22.653598940734824,4.3300317239187676,92
10.191754182179769,0.60534484135775002,0.053929249445597328,0.0098399373637062474,0.03,15,350,"{'learning_rate': 0.03, 'max_depth': 15, 'n_estimators': 350}",-28.57595662229194,-18.248289209872059,-21.202603870623527,-22.675616567595842,4.343002291001862,93
13.581262588500977,0.74017878987017127,0.073790550231933594,0.015369373646932862,0.03,15,500,"{'learning_rate': 0.03, 'max_depth': 15, 'n_estimators': 500}",-28.596078619495298,-18.251176367451293,-21.224745087807804,-22.690666691584799,4.3486354382650019,94
0.18761165936787924,0.010171559382867106,0.001999537150065104,0.0014138863986564666,0.02,1,250,"{'learning_rate': 0.02, 'max_depth': 1, 'n_estimators': 250}",-11.545444017796594,-15.436149999135875,-16.397243969972632,-14.459612662301701,2.0976509991984265,3
0.21400602658589682,0.0042477150100966579,0.0029078324635823569,0.0021252605245973225,0.02,1,300,"{'learning_rate': 0.02, 'max_depth': 1, 'n_estimators': 300}",-11.611635613706515,-15.332325993546535,-16.42818865700259,-14.457383421418545,2.0613812817481754,1
0.25481851895650226,0.010182646658515119,0.0030763943990071616,0.002543920901093409,0.02,1,350,"{'learning_rate': 0.02, 'max_depth': 1, 'n_estimators': 350}",-11.683500322344797,-15.29190860198408,-16.464573462873112,-14.479994129067329,2.0345464567922891,5
0.33958403269449872,0.010957090230996093,0.0082376003265380859,0.0037621233430465634,0.02,1,500,"{'learning_rate': 0.02, 'max_depth': 1, 'n_estimators': 500}",-11.798554096245024,-15.214667267577598,-16.582733642339157,-14.531985002053926,2.0119037069505037,13
0.23652609189351401,0.011500481211112201,0.0028546651204427085,0.0020993465748187349,0.02,2,250,"{'learning_rate': 0.02, 'max_depth': 2, 'n_estimators': 250}",-11.941090183702206,-15.14279622745307,-17.408768841337039,-14.830885084164104,2.2430401834370146,30
0.28785498936971027,0.011175847442319774,0.0044274330139160156,0.0055626621811876407,0.02,2,300,"{'learning_rate': 0.02, 'max_depth': 2, 'n_estimators': 300}",-11.981628301642266,-15.238282839271156,-17.635322434381163,-14.951744525098196,2.3169869069919762,32
0.33705854415893555,0.024909665992357392,0.0050346056620279951,0.00096479815352400254,0.02,2,350,"{'learning_rate': 0.02, 'max_depth': 2, 'n_estimators': 350}",-12.029217172512503,-15.32580246770574,-17.891784908556104,-15.082268182924782,2.3995703540179405,34
0.46911652882893878,0.013188350734719875,0.0010484854380289714,0.0014827823264112665,0.02,2,500,"{'learning_rate': 0.02, 'max_depth': 2, 'n_estimators': 500}",-12.085946021933891,-15.630075063948704,-18.616861810029423,-15.444294298637338,2.669469501276565,43
0.30632050832112628,0.026802203168501904,0.0051287810007731123,0.0015061819110054641,0.02,3,250,"{'learning_rate': 0.02, 'max_depth': 3, 'n_estimators': 250}",-12.107338278805278,-15.389280791958422,-18.474387039576694,-15.323668703446797,2.5997507816621384,39
0.35294906298319501,0.011970491352621704,0.0083784262339274083,0.0082532907828700361,0.02,3,300,"{'learning_rate': 0.02, 'max_depth': 3, 'n_estimators': 300}",-12.194875791950759,-15.406750225477055,-18.664534147684005,-15.422053388370607,2.6412491299980476,42
0.45045415560404461,0.015324819025394435,0.0061810016632080078,0.0087412563811594228,0.02,3,350,"{'learning_rate': 0.02, 'max_depth': 3, 'n_estimators': 350}",-12.264836582499699,-15.472704403845592,-18.868256802957202,-15.535265929767498,2.6961979539567702,45
0.5842738151550293,0.01337669403073858,0.0050355593363444013,0.0035889126054141156,0.02,3,500,"{'learning_rate': 0.02, 'max_depth': 3, 'n_estimators': 500}",-12.486168914337139,-15.618099515979385,-19.308379779861873,-15.804216070059466,2.7882634741833994,50
0.67451810836791992,0.023267779974331871,0.0075393517812093096,0.0046696926986564968,0.02,5,250,"{'learning_rate': 0.02, 'max_depth': 5, 'n_estimators': 250}",-15.458755513816191,-16.14656357383641,-18.504299250827682,-16.703206112826759,1.3041529436567112,57
0.8240459760030111,0.030857672783534493,0.0065264701843261719,0.0021382749674722246,0.02,5,300,"{'learning_rate': 0.02, 'max_depth': 5, 'n_estimators': 300}",-15.779792741543364,-16.250945747183671,-18.546447578230786,-16.859062022319275,1.2085663130075726,59
0.914239247639974,0.031340388820311205,0.012684822082519531,0.0050896406532027301,0.02,5,350,"{'learning_rate': 0.02, 'max_depth': 5, 'n_estimators': 350}",-15.94743784949911,-16.326388091554442,-18.589801118767049,-16.954542353273531,1.166605972920586,60
1.3223409652709961,0.04663742882413463,0.00997161865234375,0.0041626230833725093,0.02,5,500,"{'learning_rate': 0.02, 'max_depth': 5, 'n_estimators': 500}",-16.197805880467072,-16.458850787593736,-18.788064167187969,-17.14824027841626,1.1644177087065082,65
2.966094970703125,0.12252300899233745,0.015262921651204428,0.0042808690364878948,0.02,10,250,"{'learning_rate': 0.02, 'max_depth': 10, 'n_estimators': 250}",-20.572291231945297,-17.405648458230246,-20.147083098262755,-19.375007596146098,1.4033251107772453,76
3.4989258448282876,0.19042205040556348,0.021968603134155273,0.0046543740420576223,0.02,10,300,"{'learning_rate': 0.02, 'max_depth': 10, 'n_estimators': 300}",-21.229383841790391,-17.412930037902687,-20.340136806019917,-19.660816895237666,1.6304266446120039,77
3.9553827444712319,0.44583017208581738,0.028216520945231121,0.0029924381187122497,0.02,10,350,"{'learning_rate': 0.02, 'max_depth': 10, 'n_estimators': 350}",-21.457965586842683,-17.397530797782398,-20.467621268738842,-19.774372551121306,1.7286272024184444,78
5.7784475485483808,0.22962186714311161,0.034416913986206055,0.0052230348093082347,0.02,10,500,"{'learning_rate': 0.02, 'max_depth': 10, 'n_estimators': 500}",-21.592023268096295,-17.371249239821839,-20.612115842210443,-19.858462783376194,1.8036496424854263,79
7.666951497395833,0.36017266604137382,0.038601318995157875,0.011955779004230923,0.02,15,250,"{'learning_rate': 0.02, 'max_depth': 15, 'n_estimators': 250}",-27.626247502961899,-18.169200366241263,-20.843839532641173,-22.213095800614777,3.9803753744320609,88
9.1285975774129238,0.63359821896573953,0.052766243616739907,0.0031732903381609932,0.02,15,300,"{'learning_rate': 0.02, 'max_depth': 15, 'n_estimators': 300}",-28.191713463336985,-18.236721688023955,-20.980095404697177,-22.469510185352707,4.1983514703800813,89
10.554273366928101,0.31540365329136211,0.055580218633015953,0.0040744403329129901,0.02,15,350,"{'learning_rate': 0.02, 'max_depth': 15, 'n_estimators': 350}",-28.84969562862992,-18.278905132894462,-21.060837075296512,-22.729812612273633,4.4739626308567386,95
14.172578652699789,1.0755743586231166,0.077955961227416992,0.0069238102702096514,0.02,15,500,"{'learning_rate': 0.02, 'max_depth': 15, 'n_estimators': 500}",-29.276888162164777,-18.277583488353194,-21.16880409995111,-22.907758583489692,4.6557597195085529,96
0.18014717102050781,0.0085263903003468793,0.0032863616943359375,0.0023238088433409497,0.01,1,250,"{'learning_rate': 0.01, 'max_depth': 1, 'n_estimators': 250}",-11.476039224809986,-15.597655779796687,-16.472024641144099,-14.515239881916925,2.1784835248467265,10
0.20118649800618491,0.0063029558386077204,0.0037697156270345054,0.0013584237627767967,0.01,1,300,"{'learning_rate': 0.01, 'max_depth': 1, 'n_estimators': 300}",-11.472871578662097,-15.551459136257021,-16.42163730559859,-14.481989340172568,2.1572196285308256,6
0.25129278500874835,0.0076159883605663864,0.0053868293762207031,0.0012669521268785196,0.01,1,350,"{'learning_rate': 0.01, 'max_depth': 1, 'n_estimators': 350}",-11.483834545475951,-15.520790612966881,-16.398787284587989,-14.467804147676942,2.1402142383398735,4
0.362002690633138,0.008283246179594644,0.0015381971995035808,0.0011144084011430625,0.01,1,500,"{'learning_rate': 0.01, 'max_depth': 1, 'n_estimators': 500}",-11.546820870495779,-15.427857487914457,-16.398994583252197,-14.457890980554145,2.0962702916913605,2
0.24211772282918295,0.0083524481018662309,0.0027032693227132163,0.0019119309409873831,0.01,2,250,"{'learning_rate': 0.01, 'max_depth': 2, 'n_estimators': 250}",-11.581703584812322,-15.279241943268769,-16.835692987649509,-14.565546171910199,2.203500609155455,16
0.2961851755777995,0.031968986793989941,0.0040367444356282549,0.0028942372340730136,0.01,2,300,"{'learning_rate': 0.01, 'max_depth': 2, 'n_estimators': 300}",-11.675446309636486,-15.235669477947532,-16.915626596663678,-14.608914128082565,2.1847179927205498,21
0.32141963640848797,0.033696633421292879,0.0022564729054768882,0.0002087456286902518,0.01,2,350,"{'learning_rate': 0.01, 'max_depth': 2, 'n_estimators': 350}",-11.768403716439812,-15.17937532892998,-16.959231595923203,-14.63567021376433,2.1537386034209569,24
0.46156080563863117,0.0022941354851630171,0.0027664502461751304,0.0039123514577712563,0.01,2,500,"{'learning_rate': 0.01, 'max_depth': 2, 'n_estimators': 500}",-11.962065722155785,-15.203677049788862,-17.249468086582002,-14.80507028617555,2.176897096761611,29
0.314022699991862,0.012841434288080744,0.0049594243367513018,0.001446857473646245,0.01,3,250,"{'learning_rate': 0.01, 'max_depth': 3, 'n_estimators': 250}",-11.800168018800175,-15.438866615382588,-17.061359418609971,-14.766798017597578,2.1998167933496453,27
0.35445014635721844,0.0075429201613384537,0.0025758743286132812,0.00066446612115081351,0.01,3,300,"{'learning_rate': 0.01, 'max_depth': 3, 'n_estimators': 300}",-11.967679822850581,-15.335317117442029,-17.354274935545458,-14.885757291946023,2.2219255544912819,31
0.42609794934590656,0.029195459304157557,0.0068120161692301435,0.0016311882996921806,0.01,3,350,"{'learning_rate': 0.01, 'max_depth': 3, 'n_estimators': 350}",-12.180126411079383,-15.276304323262563,-17.633646435991864,-15.030025723444604,2.2331905467404813,33
0.59114329020182288,0.022776333078553212,0.0078690052032470703,0.00066135268258802227,0.01,3,500,"{'learning_rate': 0.01, 'max_depth': 3, 'n_estimators': 500}",-12.040739640036184,-15.39115789327427,-18.431267082388143,-15.287721538566199,2.6099469416662906,38
0.61531058947245276,0.032778218223177447,0.0060130755106608076,0.0042534060556801249,0.01,5,250,"{'learning_rate': 0.01, 'max_depth': 5, 'n_estimators': 250}",-13.999548550034323,-15.830436529936216,-17.59471154920816,-15.808232209726233,1.4678031252031374,51
0.75998234748840332,0.044222231603879399,0.006150563557942708,0.0043666364143770302,0.01,5,300,"{'learning_rate': 0.01, 'max_depth': 5, 'n_estimators': 300}",-14.403578186604475,-15.898172856401311,-17.84759857209318,-16.049783205032988,1.4100965397859833,53
0.84015083312988281,0.055840289407648597,0.0056254863739013672,0.0041862198258087501,0.01,5,350,"{'learning_rate': 0.01, 'max_depth': 5, 'n_estimators': 350}",-14.574535524229509,-15.967808739136986,-18.084195632915698,-16.208846632094065,1.4429144047162972,55
1.245972712834676,0.073676348728030305,0.011250495910644531,0.0027421069057491257,0.01,5,500,"{'learning_rate': 0.01, 'max_depth': 5, 'n_estimators': 500}",-14.969073038925638,-16.080863178370567,-18.639045945239925,-16.562994054178709,1.5365573900391485,56
3.3081394036610923,0.20514222301644564,0.016744136810302734,0.0051027573510786135,0.01,10,250,"{'learning_rate': 0.01, 'max_depth': 10, 'n_estimators': 250}",-17.438393469651242,-17.077628130739313,-19.099533397498654,-17.871851665963067,0.88050732834342604,69
3.7935765584309897,0.04931068695241108,0.020895401636759441,0.0059449792181712185,0.01,10,300,"{'learning_rate': 0.01, 'max_depth': 10, 'n_estimators': 300}",-17.876578235008736,-17.208946088058784,-19.447725051392048,-18.177749791486523,0.93846010090620624,72
4.2711678345998125,0.21211777285258593,0.031390269597371422,0.0051646660173701731,0.01,10,350,"{'learning_rate': 0.01, 'max_depth': 10, 'n_estimators': 350}",-18.204123246372049,-17.365414089506459,-19.738280874271826,-18.435939403383443,0.98248943761899443,73
5.5024559497833252,0.49438449546806185,0.029143810272216797,0.0074537139865021749,0.01,10,500,"{'learning_rate': 0.01, 'max_depth': 10, 'n_estimators': 500}",-20.039696190490606,-17.55228965120796,-20.268112890100834,-19.286699577266468,1.229953086062747,75
7.7244610786437988,0.18862310310134792,0.035632212956746422,0.013905582382967518,0.01,15,250,"{'learning_rate': 0.01, 'max_depth': 15, 'n_estimators': 250}",-21.918809271393322,-18.018985349466291,-20.148819874813157,-20.028871498557592,1.5943540730200305,83
10.200264771779379,0.6196953687859551,0.05173182487487793,0.01265561054191233,0.01,15,300,"{'learning_rate': 0.01, 'max_depth': 15, 'n_estimators': 300}",-23.83642773844274,-18.044938601672566,-20.32473206308428,-20.735366134399865,2.3821281606616163,86
10.287590901056925,1.0793137141120361,0.045131921768188477,0.0058088314452989769,0.01,15,350,"{'learning_rate': 0.01, 'max_depth': 15, 'n_estimators': 350}",-25.436062468875598,-18.097744634966052,-20.483540819110793,-21.339115974317483,3.0563304568849592,87
11.269571622212728,0.5491815547591099,0.053043286005655922,0.0013876576089585327,0.01,15,500,"{'learning_rate': 0.01, 'max_depth': 15, 'n_estimators': 500}",-28.547858485896054,-18.184859826856062,-20.811911213419386,-22.514876508723834,4.3987121902949955,90
0.15168309211730957,0.0046803116954922414,0.0021179517110188804,0.0019747406743219923,0.005,1,250,"{'learning_rate': 0.005, 'max_depth': 1, 'n_estimators': 250}",-11.589932219960085,-15.807313144753438,-16.73696163877872,-14.711402334497414,2.2396046284367745,26
0.17426371574401855,0.0051658222472478095,0.0038761297861735025,0.0013296119192679676,0.005,1,300,"{'learning_rate': 0.005, 'max_depth': 1, 'n_estimators': 300}",-11.54599081804731,-15.75438997496836,-16.65405238182375,-14.651477724946472,2.2264148772213455,25
0.19985675811767578,0.0031580174648527855,0.0035073757171630859,0.0004063412266209605,0.005,1,350,"{'learning_rate': 0.005, 'max_depth': 1, 'n_estimators': 350}",-11.517160881240232,-15.703652426561439,-16.595458790146001,-14.605424032649223,2.2138739224559028,18
0.27646700541178387,0.0081351122347558674,0.0017489592234293621,0.0018042396541526485,0.005,1,500,"{'learning_rate': 0.005, 'max_depth': 1, 'n_estimators': 500}",-11.477371301013925,-15.600050907820282,-16.474431186340908,-14.517284465058372,2.1789812989199784,11
0.23457821210225424,0.025960865446703518,0.0042450428009033203,0.0010515125394691736,0.005,2,250,"{'learning_rate': 0.005, 'max_depth': 2, 'n_estimators': 250}",-11.401444655248891,-15.607760198467879,-16.601920905552198,-14.537041919756321,2.2540432607157985,14
0.2353971004486084,0.0060035641278090163,0.002509435017903646,0.0018818355172814938,0.005,2,300,"{'learning_rate': 0.005, 'max_depth': 2, 'n_estimators': 300}",-11.414378104026328,-15.544440150716287,-16.582050185856737,-14.513622813533116,2.2320613750985747,9
0.26219367980957031,0.0094963081447419113,0.0041873455047607422,0.00024652281243247882,0.005,2,350,"{'learning_rate': 0.005, 'max_depth': 2, 'n_estimators': 350}",-11.455033126596179,-15.473762682176906,-16.611293146079888,-14.513362984950993,2.2118664864702322,8
0.36962723731994629,0.014244467486982415,0.0036714076995849609,0.0026281428881467324,0.005,2,500,"{'learning_rate': 0.005, 'max_depth': 2, 'n_estimators': 500}",-11.579742135030017,-15.282413821637064,-16.838240842336283,-14.566798933001124,2.2056035705015069,17
0.24961002667744955,0.0092661056717428508,0.0044663747151692705,0.00058727828936788588,0.005,3,250,"{'learning_rate': 0.005, 'max_depth': 3, 'n_estimators': 250}",-11.588721714979128,-15.604930691652873,-16.624422014870802,-14.6060248071676,2.1737723128433903,19
0.30930654207865399,0.0010478456739664184,0.0031198660532633462,0.0022096321808455699,0.005,3,300,"{'learning_rate': 0.005, 'max_depth': 3, 'n_estimators': 300}",-11.595768793139962,-15.572238416097889,-16.656663752582773,-14.608223653940207,2.1756466921924402,20
0.34885438283284503,0.0079264470185657025,0.0049997170766194659,0.0014172599511101723,0.005,3,350,"{'learning_rate': 0.005, 'max_depth': 3, 'n_estimators': 350}",-11.634842398806338,-15.529927673748162,-16.716670181853825,-14.627146751469441,2.1706379168900476,23
0.46238843599955243,0.0055822220673396091,0.0046668847401936846,0.0026224004011117497,0.005,3,500,"{'learning_rate': 0.005, 'max_depth': 3, 'n_estimators': 500}",-11.803685249525502,-15.453275277936292,-17.046247895687124,-14.767736141049641,2.1944762026331417,28
0.51886351903279626,0.011733805374392057,0.0046671231587727862,0.0036835790957679389,0.005,5,250,"{'learning_rate': 0.005, 'max_depth': 5, 'n_estimators': 250}",-12.778756399748682,-15.862805802889467,-16.873130700353496,-15.171564300997217,1.7415197077680904,36
0.62114683787027991,0.033863465621381698,0.0058419704437255859,0.00063240044601250783,0.005,5,300,"{'learning_rate': 0.005, 'max_depth': 5, 'n_estimators': 300}",-13.057459857909947,-15.997022741222809,-17.018906420437023,-15.357796339856593,1.6792304807246481,40
0.7319889863332113,0.019329307927265466,0.0075367291768391924,0.00069132169386658751,0.005,5,350,"{'learning_rate': 0.005, 'max_depth': 5, 'n_estimators': 350}",-13.363489309063757,-16.010666874450827,-17.197536722500733,-15.523897635338438,1.6026411765645341,44
0.98752681414286292,0.024014662583606301,0.0061459541320800781,0.0012187618848877267,0.005,5,500,"{'learning_rate': 0.005, 'max_depth': 5, 'n_estimators': 500}",-14.029459765888076,-15.948084347680535,-17.558792842908318,-15.845445652158975,1.4426709069179218,52
2.8790684541066489,0.33533471619731853,0.020605087280273438,0.0075225316948491485,0.005,10,250,"{'learning_rate': 0.005, 'max_depth': 10, 'n_estimators': 250}",-15.132999612694018,-16.962515634934835,-18.106323989541909,-16.733946412390253,1.224567237737602,58
3.770456075668335,0.31477516272110589,0.017160018285115559,0.0018912619905963688,0.005,10,300,"{'learning_rate': 0.005, 'max_depth': 10, 'n_estimators': 300}",-15.833456482148966,-16.961143889911316,-18.361564314685367,-17.052054895581882,1.0340957117040313,63
4.7878868579864502,0.75925937456160786,0.033194541931152344,0.0086728098991777306,0.005,10,350,"{'learning_rate': 0.005, 'max_depth': 10, 'n_estimators': 350}",-16.580043285936313,-16.978383977366821,-18.523850187012293,-17.360759150105142,0.83835330528071406,67
6.8746027946472168,0.25163292815652877,0.045721928278605141,0.0062684233116837287,0.005,10,500,"{'learning_rate': 0.005, 'max_depth': 10, 'n_estimators': 500}",-18.265328318152111,-17.086040916399817,-19.119059804611982,-18.156809679721302,0.83351611506997447,71
8.9999031225840245,0.44423988140229298,0.041220108668009438,0.0054387629784206385,0.005,15,250,"{'learning_rate': 0.005, 'max_depth': 15, 'n_estimators': 250}",-16.095860742011222,-17.354630364639689,-18.793307206999462,-17.414599437883457,1.1020440327496521,68
10.789534012476603,0.3201553510525933,0.05655360221862793,0.016059281798764199,0.005,15,300,"{'learning_rate': 0.005, 'max_depth': 15, 'n_estimators': 300}",-17.307428369997318,-17.655204180634723,-19.344690974133098,-18.102441174921712,0.88980350877658032,70
12.566656351089478,0.72684003554492516,0.050720532735188804,0.013097666589271693,0.005,15,350,"{'learning_rate': 0.005, 'max_depth': 15, 'n_estimators': 350}",-18.523813624648618,-17.885322138176324,-19.797918879437308,-18.735684880754082,0.79505708203596492,74
16.243135690689087,0.5594394363232742,0.066796382268269852,0.023770792334225316,0.005,15,500,"{'learning_rate': 0.005, 'max_depth': 15, 'n_estimators': 500}",-21.920668824617291,-18.00502755909714,-20.117078612144862,-20.014258331953101,1.6002063695192768,81
