scale,category,model,r2_mean,r2_std,mse_mean,mse_std,rmse_mean,rmse_std,mae_mean,mae_std
1200m,Y1,OLS,0.51192035626614485,0.10949402067308932,23.368607142235625,12.558081169522582,4.697595588614945,1.2753444770242617,2.0447008622783178,0.11722495406862074
1200m,Y1,XGBoost,0.49711505226691699,0.099683387886772154,24.328451596973277,11.894900021798774,4.7934313617562889,1.2997439060756009,1.9131641649725146,0.23166764644339313
1200m,Y2,OLS,0.6774155349473675,0.058293138534484652,42.262031200174711,13.396547826006124,6.4177445475449462,1.1589791427328542,2.9768759030262979,0.2467093767689956
1200m,Y2,XGBoost,0.65238780900045368,0.069691427953240764,46.431181271353481,16.711784878399317,6.6956603767067104,1.4139100887049139,2.9406804068599977,0.27421020562934467
1200m,Y3,OLS,0.032589796704122473,0.32977739750263724,56.191227308561167,36.014195058645086,7.1260254782239389,2.6007182162492319,2.7426272165912087,0.32878575703638796
1200m,Y3,XGBoost,0.056379876907786765,0.24923744268473866,58.053453329631608,39.69320199393249,7.1799371293574081,2.850867444328681,2.4975297523167148,0.50623273777406119
1200m,Y4,OLS,0.26097086745116693,0.25475901927951394,14.938561252245302,18.252010288348583,3.4203542702922674,2.0123797845892404,1.2249272199176513,0.20597975072467839
1200m,Y4,XGBoost,0.33289113751926641,0.12257380878086335,15.539335224166672,20.521940944910835,3.4018027098200165,2.2268457365823138,1.2308199298575602,0.31088200609179234
600m,Y1,OLS,0.36281232153736631,0.044708673024743906,5.5225945367149514,1.9946438899318435,2.3149859792021847,0.45198790472237105,1.1423441063848689,0.073005942469186874
600m,Y1,XGBoost,0.37157232142752206,0.079274697665105545,5.4443997088333926,2.0267694572677497,2.2963398469641856,0.46263243519814501,1.0877089633173322,0.08521629955549892
600m,Y2,OLS,0.43925534395247495,0.063643851975729346,13.89792111974341,7.827894433249698,3.6317323172067759,0.94103765592782884,1.793578136556824,0.11530020373173822
600m,Y2,XGBoost,0.4457815315311966,0.097741568439126778,13.958037925137202,8.7119782497663074,3.6177226881849394,1.0429048833241801,1.774151415584468,0.14659621189089153
600m,Y3,OLS,0.10231303856191454,0.044949778701096038,15.25732114185069,5.814769083122747,3.8392720255984907,0.80413886806598711,1.4157837810098839,0.11921392877363177
600m,Y3,XGBoost,0.067119771800903311,0.039947604396198058,15.86373674426909,6.0499027190054466,3.9146356382716951,0.82110030130478706,1.3822268280578929,0.13648539147347483
600m,Y4,OLS,0.14770839849117795,0.080817785177349222,5.7216153746533616,5.2836651320965267,2.2082612839105273,1.0278603240683966,0.74668490888959937,0.067250522206035515
600m,Y4,XGBoost,-0.013696738072422932,0.4423750444690967,7.1098631871790658,6.4587053811800637,2.4181891598211926,1.2560973163445275,0.75764747709453273,0.1366125120000031
