scale,category,model,scheme,fold,train_n,test_n,r2,mse,rmse,mae
600m,Y1,XGBoost,holdout,0,2856,714,0.41694752044495864,2.5944506363547424,1.6107298458632791,0.95007280496024749
600m,Y1,XGBoost,random_cv5,1,2856,714,0.41694752044495853,2.5944506363547424,1.6107298458632791,0.95007280496024749
600m,Y1,XGBoost,random_cv5,2,2856,714,0.469246455207325,4.2958694015231034,2.0726479202998043,1.069096020905494
600m,Y1,XGBoost,random_cv5,3,2856,714,0.2991131742722648,5.965822791441588,2.4425033861678855,1.1720493857120098
600m,Y1,XGBoost,random_cv5,4,2856,714,0.2824397393303919,7.7630157262689483,2.7862188941770079,1.1182604669188918
600m,Y1,XGBoost,random_cv5,5,2856,714,0.39011471788267016,6.6028399885785793,2.5695991883129516,1.129066138090018
600m,Y1,OLS,holdout,0,2856,714,0.40400950459161367,2.6520218578843981,1.6285029499157802,1.0235443965676703
600m,Y1,OLS,random_cv5,1,2856,714,0.4040095045917258,2.6520218578838994,1.6285029499156272,1.0235443965674653
600m,Y1,OLS,random_cv5,2,2856,714,0.39922768093254191,4.8625947920368686,2.2051292007582841,1.1634572008698607
600m,Y1,OLS,random_cv5,3,2856,714,0.38136056143657993,5.2657478023419966,2.294721726559017,1.1594038271230946
600m,Y1,OLS,random_cv5,4,2856,714,0.3132005504755746,7.4302260307387034,2.7258440950903084,1.1425392623785666
600m,Y1,OLS,random_cv5,5,2856,714,0.31626331025040955,7.4023822005732889,2.7207319236876848,1.2227758449853572
600m,Y2,XGBoost,holdout,0,2856,714,0.53705209086365857,9.7310779446871969,3.1194675739118041,1.6187426494617088
600m,Y2,XGBoost,random_cv5,1,2856,714,0.53705209086365846,9.7310779446871987,3.1194675739118045,1.6187426494617088
600m,Y2,XGBoost,random_cv5,2,2856,714,0.48522356039636039,8.0550371329794501,2.838139731052622,1.7622838682320272
600m,Y2,XGBoost,random_cv5,3,2856,714,0.2943753221484362,29.064143105510873,5.3911170554450836,2.0166809704123425
600m,Y2,XGBoost,random_cv5,4,2856,714,0.40518859858609013,13.740013161846804,3.7067523739584769,1.7394371790712286
600m,Y2,XGBoost,random_cv5,5,2856,714,0.50706808566143768,9.1999182806616808,3.0331367065567094,1.733612410745033
600m,Y2,OLS,holdout,0,2856,714,0.48407095339587836,10.844731485663273,3.2931339914530158,1.7082555367962919
600m,Y2,OLS,random_cv5,1,2856,714,0.48407095339587469,10.844731485663345,3.2931339914530269,1.7082555367962811
600m,Y2,OLS,random_cv5,2,2856,714,0.4605391124448992,8.4412905229155033,2.9053899089305557,1.8147876297756986
600m,Y2,OLS,random_cv5,3,2856,714,0.33048213780337221,27.576930866173466,5.2513741883599829,1.9798180488620865
600m,Y2,OLS,random_cv5,4,2856,714,0.43824741812828982,12.976361667364339,3.6022717370243376,1.6918700783600851
600m,Y2,OLS,random_cv5,5,2856,714,0.48293709798993878,9.6502910566003983,3.1064917602659752,1.7731593889899677
600m,Y3,XGBoost,holdout,0,2856,714,0.093773888543869255,20.246551399995056,4.4996168059063715,1.3963844268178405
600m,Y3,XGBoost,random_cv5,1,2856,714,0.093773888543869255,20.246551399995056,4.4996168059063715,1.3963844268178405
600m,Y3,XGBoost,random_cv5,2,2856,714,0.021402634944279297,13.243956537743536,3.6392247165768064,1.3486479033275145
600m,Y3,XGBoost,random_cv5,3,2856,714,0.055330079053349746,22.320284933526516,4.7244348798058926,1.6049377247065055
600m,Y3,XGBoost,random_cv5,4,2856,714,0.12106757709922256,7.0176391054834175,2.6490826913260781,1.2423616404793842
600m,Y3,XGBoost,random_cv5,5,2856,714,0.044024679363795727,16.490251744596932,4.0608190977433276,1.3188024449582194
600m,Y3,OLS,holdout,0,2856,714,0.14946832848417235,19.002247879394204,4.3591567853650552,1.4073228906051793
600m,Y3,OLS,random_cv5,1,2856,714,0.14946832848416136,19.002247879394449,4.3591567853650837,1.4073228906051527
600m,Y3,OLS,random_cv5,2,2856,714,0.066441209578625982,12.634421966857742,3.5544932081603058,1.4250585214078819
600m,Y3,OLS,random_cv5,3,2856,714,0.081868819629362655,21.693238133052596,4.6576000400477282,1.6050062127597724
600m,Y3,OLS,random_cv5,4,2856,714,0.15223432131890269,6.7687952156371587,2.6016908378278076,1.2831610332931083
600m,Y3,OLS,random_cv5,5,2856,714,0.061552513798520003,16.18790251431151,4.0234192565915263,1.3583702469835037
600m,Y4,XGBoost,holdout,0,2856,714,0.12618374913448049,13.961261012848409,3.7364770858187275,0.77745954024524577
600m,Y4,XGBoost,random_cv5,1,2856,714,0.12618374913448049,13.961261012848404,3.7364770858187266,0.77745954024524577
600m,Y4,XGBoost,random_cv5,2,2856,714,0.14063184036313858,1.9412297963785843,1.3932802289484281,0.70302653684168637
600m,Y4,XGBoost,random_cv5,3,2856,714,-0.79730119230891661,14.25260804445184,3.7752626457574894,0.98287210761665966
600m,Y4,XGBoost,random_cv5,4,2856,714,0.28395846355422305,1.4244211716971316,1.1934911695094905,0.62764926400839116
600m,Y4,XGBoost,random_cv5,5,2856,714,0.17804344889495982,3.9697959105193679,1.9924346690718289,0.69722993676068068
600m,Y4,OLS,holdout,0,2856,714,0.089664109453328256,14.544747782725626,3.8137576984813317,0.78417569006252363
600m,Y4,OLS,random_cv5,1,2856,714,0.089664109453312157,14.544747782725878,3.813757698481365,0.78417569006249421
600m,Y4,OLS,random_cv5,2,2856,714,0.041190633075034344,2.1658578936740418,1.4716853922201041,0.76834820035978257
600m,Y4,OLS,random_cv5,3,2856,714,0.19360053085125262,6.3947520928677397,2.5287847067055234,0.82392104852279302
600m,Y4,OLS,random_cv5,4,2856,714,0.24068500595507836,1.5105050453823385,1.2290260556157215,0.65670554456073615
600m,Y4,OLS,random_cv5,5,2856,714,0.17340171312121222,3.9922140586168093,1.9980525665299222,0.70027406094219125
1200m,Y1,XGBoost,holdout,0,1318,330,0.38991171842768113,29.39532512369259,5.4217455790264255,2.264383105391806
1200m,Y1,XGBoost,random_cv5,1,1318,330,0.38991171842768102,29.39532512369259,5.4217455790264255,2.264383105391806
1200m,Y1,XGBoost,random_cv5,2,1318,330,0.58743806910330831,33.204014656281117,5.762292482708693,1.8217864388543548
1200m,Y1,XGBoost,random_cv5,3,1318,330,0.61725852676590232,13.16026154303659,3.6277074776002256,1.7148316996567177
1200m,Y1,XGBoost,random_cv5,4,1319,329,0.45833288620854251,10.039214779893541,3.1684719944941193,1.7379322302921203
1200m,Y1,XGBoost,random_cv5,5,1319,329,0.43263406082915057,35.843441881962562,5.9869392749519816,2.026887350667574
1200m,Y1,OLS,holdout,0,1318,330,0.61934216057987279,18.34088817736227,4.28262631773568,2.2182949371865273
1200m,Y1,OLS,random_cv5,1,1318,330,0.61934216057986535,18.340888177362622,4.2826263177357209,2.2182949371865224
1200m,Y1,OLS,random_cv5,2,1318,330,0.49236306493606907,40.855888460908773,6.3918611108900647,1.9705269537890751
1200m,Y1,OLS,random_cv5,3,1318,330,0.60662556179631721,13.525867597680421,3.6777530637170872,1.9369428441686096
1200m,Y1,OLS,random_cv5,4,1319,329,0.34852827284677279,12.074324664349957,3.4748128963082254,1.9868877845685684
1200m,Y1,OLS,random_cv5,5,1319,329,0.49274272117170015,32.046066810876333,5.6609245544236266,2.1108517916788139
1200m,Y2,XGBoost,holdout,0,1318,330,0.71065691259764374,46.624399699044496,6.8282061845732587,2.9067928875937605
1200m,Y2,XGBoost,random_cv5,1,1318,330,0.71065691259764374,46.624399699044503,6.8282061845732587,2.9067928875937605
1200m,Y2,XGBoost,random_cv5,2,1318,330,0.65544522493034307,52.460628650049905,7.242970982273083,2.9571103737209783
1200m,Y2,XGBoost,random_cv5,3,1318,330,0.55480678951995777,53.652073436315519,7.3247575684329318,3.005733432191791
1200m,Y2,XGBoost,random_cv5,4,1319,329,0.72456917328943926,18.050252520374141,4.2485588757099908,2.5334885656652482
1200m,Y2,XGBoost,random_cv5,5,1319,329,0.61646094466488432,61.36855205098334,7.8338082725442888,3.3002767751282107
1200m,Y2,OLS,holdout,0,1318,330,0.74790078603285726,40.622966393781851,6.3736148607977441,2.9357799162348246
1200m,Y2,OLS,random_cv5,1,1318,330,0.7479007860328577,40.62296639378178,6.3736148607977388,2.9357799162348051
1200m,Y2,OLS,random_cv5,2,1318,330,0.65899749942268881,51.919772546783541,7.20553763065488,3.1295716526138819
1200m,Y2,OLS,random_cv5,3,1318,330,0.59028148272194425,49.376871568902779,7.0268678348822515,3.1565554696766833
1200m,Y2,OLS,random_cv5,4,1319,329,0.70118516902223249,19.582714180535888,4.4252360593007793,2.5631405243150893
1200m,Y2,OLS,random_cv5,5,1319,329,0.68871273753711448,49.807831310869553,7.0574663520890804,3.0993319522910303
1200m,Y3,XGBoost,holdout,0,1318,330,0.26568903055449622,92.292443976915337,9.6068956472377351,2.9443875381892379
1200m,Y3,XGBoost,random_cv5,1,1318,330,0.26568903055449611,92.292443976915351,9.6068956472377351,2.9443875381892379
1200m,Y3,XGBoost,random_cv5,2,1318,330,0.17701159380842335,62.184134883986943,7.8856917822082639,2.4015511954372579
1200m,Y3,XGBoost,random_cv5,3,1318,330,0.099919494588493252,17.735966513703726,4.2114090888565698,1.9588908717487798
1200m,Y3,XGBoost,random_cv5,4,1319,329,-0.37374827012060186,17.281502198854941,4.1571026206788471,2.0872102683257188
1200m,Y3,XGBoost,random_cv5,5,1319,329,0.11302753570812296,100.7732190746971,10.038586507805624,3.0956088878825807
1200m,Y3,OLS,holdout,0,1318,330,0.29347157444481076,88.800573390439851,9.4234056152985293,3.037744793441393
1200m,Y3,OLS,random_cv5,1,1318,330,0.29347157444482452,88.800573390438132,9.4234056152984387,3.0377447934414392
1200m,Y3,OLS,random_cv5,2,1318,330,0.20481304794276223,60.083486368340331,7.7513538409970897,2.7212634932127417
1200m,Y3,OLS,random_cv5,3,1318,330,0.016852313113194795,19.372794264305966,4.4014536535451523,2.297940643266533
1200m,Y3,OLS,random_cv5,4,1319,329,-0.52960979955993781,19.242211757008789,4.3865945512445972,2.5707083036056155
1200m,Y3,OLS,random_cv5,5,1319,329,0.17742184757976864,93.457070762712632,9.6673197300344125,3.0854788494297143
1200m,Y4,XGBoost,holdout,0,1318,330,0.20016407304566186,51.725404085502085,7.1920375475592513,1.7747035233360349
1200m,Y4,XGBoost,random_cv5,1,1318,330,0.20016407304566208,51.725404085502085,7.1920375475592513,1.7747035233360349
1200m,Y4,XGBoost,random_cv5,2,1318,330,0.45029094591142516,4.574392031189654,2.1387828387168377,1.1299343274398284
1200m,Y4,XGBoost,random_cv5,3,1318,330,0.40618441531428706,11.72171788617133,3.4236994444856474,1.0955681169574911
1200m,Y4,XGBoost,random_cv5,4,1319,329,0.40794233097843291,2.4596202561346074,1.5683176515408501,0.99047051211620896
1200m,Y4,XGBoost,random_cv5,5,1319,329,0.1998739223465249,7.2155418618356713,2.686176066797497,1.1634231694382375
1200m,Y4,OLS,holdout,0,1318,330,0.27348435570757113,46.98378005919475,6.8544715375581475,1.5882966424425038
1200m,Y4,OLS,random_cv5,1,1318,330,0.2734843557075658,46.983780059195098,6.8544715375581724,1.5882966424425535
1200m,Y4,OLS,random_cv5,2,1318,330,0.46110694477335379,4.484386930063212,2.1176371100977645,1.0833566264887615
1200m,Y4,OLS,random_cv5,3,1318,330,0.3434477503184471,12.960118337701561,3.6000164357543647,1.1228662402318288
1200m,Y4,OLS,random_cv5,4,1319,329,-0.17732019194509907,4.8910110341953281,2.2115630296682318,1.1602603363030277
1200m,Y4,OLS,random_cv5,5,1319,329,0.40413547840156716,5.3735099000713138,2.3180832383828052,1.1698562541220845
