block_size,category,fold,train_n,test_n,r2,mse,rmse,mae
3000,Y1,1,2856,714,0.33198004086631605,4.2116630237020409,2.0522336669351375,1.0565189327157678
3000,Y2,1,2856,714,0.4887156782071097,9.6643604453970973,3.1087554495966865,1.7041466566694885
3000,Y3,1,2856,714,0.096005313591993602,6.4226329637391091,2.534291412552848,1.2630914192991096
3000,Y4,1,2856,714,0.13825335772784364,4.6630308342929272,2.1594052038218599,0.78325641455770545
3000,Y1,2,2856,714,0.36996507129544676,2.7992073364077239,1.6730831827520483,0.98533281812793905
3000,Y2,2,2856,714,0.46936183597863612,5.8938728523539501,2.427729979292168,1.5855567415221399
3000,Y3,2,2856,714,0.054225379494347914,19.729673833767976,4.4418097475880227,1.3425148079792659
3000,Y4,2,2856,714,0.054734873541414819,0.85231209023528132,0.92320750118014172,0.58565948540423096
3000,Y1,3,2856,714,0.26564606895439535,6.1033789353982693,2.4705017578213275,1.2385856099218047
3000,Y2,3,2856,714,0.30031542583996729,28.69653764931407,5.3569149376589946,2.1247239884208229
3000,Y3,3,2856,714,0.053766732175517196,16.886184861374652,4.1092803337536674,1.5639499580743266
3000,Y4,3,2856,714,-0.32501282220062877,10.816389615973808,3.2888280003633223,0.92852171637764835
3000,Y1,4,2856,714,0.29913645471151762,12.453644165756813,3.5289721117850754,1.2627571663175707
3000,Y2,4,2856,714,0.39179837171551146,16.663711255802166,4.0821209261610765,1.8271590952946692
3000,Y3,4,2856,714,0.02413411600257509,12.457132946499177,3.5294663826843822,1.4043664785743761
3000,Y4,4,2856,714,0.065115738799795819,1.5056871118020854,1.2270644285456593,0.64323692349325712
3000,Y1,5,2856,714,0.36459586907366248,3.6755027210402322,1.9171600666194339,1.0175233287058498
3000,Y2,5,2856,714,0.50226976958255021,10.26150974154065,3.203359134024883,1.7668996371474921
3000,Y3,5,2856,714,0.081145477820796952,24.134653181753038,4.9127032458467346,1.3555095510072066
3000,Y4,5,2856,714,0.17147399424303322,13.934234667759442,3.7328587795092707,0.79173422410708516
5000,Y1,1,2856,714,0.29250221106571961,2.7293266700990468,1.652067392723144,0.99384866263723937
5000,Y2,1,2856,714,0.35163240089515446,13.827804092896487,3.7185755462134269,1.7177757858729161
5000,Y3,1,2856,714,-0.0031888442049845533,4.877299207711153,2.2084608232230774,1.1755053661450618
5000,Y4,1,2856,714,0.18195735310366623,1.2561498027512734,1.1207808897154132,0.66877004399853923
5000,Y1,2,2856,714,0.31452835248597522,15.381808649524535,3.9219648965186487,1.5766434704869234
5000,Y2,2,2856,714,0.45440158409297449,18.300971032974324,4.2779634211823652,2.0522747394167076
5000,Y3,2,2856,714,0.091606570526179043,13.149507893831194,3.6262250197459056,1.4937558011347507
5000,Y4,2,2856,714,0.21015827572083701,1.5017351574963935,1.2254530417345226,0.66755167755927025
5000,Y1,3,2856,714,0.41521390096514676,4.0780088371924075,2.0194080412815056,0.91909291528579318
5000,Y2,3,2856,714,0.35918671762825849,13.15787284103869,3.6273782324205852,1.5340470243401889
5000,Y3,3,2856,714,0.040324199069815658,9.4839848643451834,3.0796079075663485,1.1641338517685897
5000,Y4,3,2856,714,0.13910842031532322,2.6328628490984962,1.6226098881427096,0.62224511455754938
5000,Y1,4,2856,714,0.21470849452866225,4.5864726433203264,2.1416051557932723,1.1346526542725432
5000,Y2,4,2856,714,0.27500625843080451,21.872759237518871,4.6768321797471923,2.1410186887622213
5000,Y3,4,2856,714,0.065736185129538383,35.073183880143674,5.9222617199971559,1.7278801335924481
5000,Y4,4,2856,714,0.11262906228871417,19.463988465217206,4.4118010455161283,1.0366993226340504
5000,Y1,5,2856,714,0.10145666780256812,2.516852311541574,1.5864590481766536,0.94686501281184643
5000,Y2,5,2856,714,0.29607404304676932,9.4873794364540576,3.0801589953205433,1.7277449993860154
5000,Y3,5,2856,714,0.056205730596752601,16.671997398651122,4.0831357311080323,1.3449948745615341
5000,Y4,5,2856,714,-0.031837147061663407,4.5740193757759844,2.1386957183704243,0.78678860233611414
