feature,tolerance,VIF
X1,0.3771472644650809,2.651484166054683
X2,0.5247488635742749,1.9056734933899602
X3,0.6192550462359456,1.6148435221938986
X4,0.8171431448721567,1.2237757928648494
X6,0.6259565229168527,1.597555043184417
X7,0.9327106669248475,1.0721438442395066
X8,0.8172068161022492,1.223680444528842
X19,0.6038496400894156,1.6560413944304482
X10,0.6266623440080996,1.5957556881494621
X14,0.8546522153551867,1.1700665861895743
X17,0.4117582989817848,2.428609216797444
X18,0.5834713685413614,1.7138801557648522
X22,0.5610438004080188,1.7823920329798681
