FID,block_3000m,block_5000m
2,6030,4018
6,16019,9011
8,11017,6010
14,23000,14000
16,19006,11003
26,19032,11019
29,9021,5012
36,9012,5007
40,28027,16016
46,17006,10004
49,10022,6013
58,12012,7007
59,8027,4016
64,10025,6015
80,6029,3017
85,10021,6012
88,7028,4017
90,10017,6010
92,9024,5014
96,10018,6010
99,13008,7005
101,11018,6011
116,9022,5013
122,8018,5011
139,16010,9006
142,8024,4014
144,14017,8010
146,8022,4013
151,9017,5010
157,8017,4010
170,11014,6008
173,10021,6012
175,7016,4009
185,11017,7010
193,8023,5014
198,16034,9020
199,17031,10018
221,20034,12020
223,27025,16015
228,7030,4018
237,7020,4012
241,29021,17013
242,13012,7007
251,12013,7008
271,9012,5007
283,22035,13021
288,15019,9011
297,27030,16018
299,14016,8010
307,9016,5009
312,7030,4018
313,15028,9017
314,13010,7006
320,11020,6012
329,20017,12010
335,7015,4009
339,14019,8011
350,7027,4016
356,19017,11010
365,21032,12019
369,12025,7015
377,19020,11012
386,9014,5008
395,12009,7005
403,8027,4016
410,26023,15014
419,19017,11010
424,8020,5012
430,15007,9004
432,6027,4016
442,20033,12020
443,12024,7014
447,10015,6009
451,18016,11009
452,20023,12014
453,12007,7004
456,5030,3018
458,11009,6005
470,10017,6010
478,13024,8014
487,15017,9010
489,7016,4009
494,15011,9006
501,12010,7006
503,9021,5012
523,8020,4012
529,18014,10008
544,13018,8011
549,17015,10009
558,8015,4009
564,7022,4013
571,9016,5009
574,28021,16012
584,29023,17014
585,13014,8008
592,19017,11010
596,10023,6014
599,20018,12011
607,10014,6008
608,11018,6010
616,13011,8006
617,20032,12019
632,12010,7006
640,11019,6011
644,16016,9009
647,9026,5016
648,10021,6012
650,13010,7006
653,17016,10009
659,15021,9012
660,7027,4016
662,16008,9004
678,11020,6012
687,9020,5012
689,30028,18016
693,9016,5009
694,26020,15012
695,11018,6011
696,7016,4009
698,20018,12011
709,8026,4016
713,10018,6011
716,17019,10011
723,10012,6007
724,18015,10009
734,11020,6012
735,9014,5008
737,9025,5015
747,24019,14011
752,17019,10011
754,30041,18025
761,10010,6006
763,8021,5012
764,14018,8011
774,12014,7008
775,22035,13021
776,22019,13011
792,20020,12012
799,5029,3017
800,13026,7015
804,9026,5015
805,21017,12010
808,18016,11009
816,29020,17012
825,8022,5013
829,10025,6015
831,12016,7009
837,6025,3015
849,12024,7014
866,8018,5010
873,29021,17013
880,17015,10009
883,16008,9005
884,9015,5009
886,9021,5012
887,19018,11010
894,10025,6015
902,10014,6008
903,18005,11003
906,16011,10006
909,10014,6008
911,29032,17019
924,12013,7007
926,13009,8005
928,15018,9010
929,15008,9004
931,19005,11003
936,26031,15018
937,11022,6013
943,21032,12019
945,20016,12010
949,29027,17016
955,16019,10011
962,16012,10007
964,13014,7008
970,15019,9011
973,26019,15011
983,20032,12019
984,6030,3018
988,10018,6011
990,12011,7006
995,27022,16013
997,18009,10005
999,12010,7006
1019,11017,6010
1034,8020,5012
1035,9011,5006
1043,22021,13012
1064,11016,6009
1070,7025,4015
1071,9015,5009
1074,11014,6008
1077,7030,4018
1079,8019,4011
1090,20003,12002
1091,26019,15011
1093,2026,1015
1097,10014,6008
1103,8018,4011
1117,15027,9016
1128,31042,18025
1133,5030,3018
1134,21018,12010
1135,8022,4013
1140,14014,8008
1142,22019,13011
1144,15026,9015
1149,9018,5011
1153,24019,14011
1167,5029,3017
1171,28021,17012
1176,8020,5012
1180,12023,7014
1187,7022,4013
1197,18033,11020
1198,7028,4017
1221,9021,5013
1222,7021,4012
1224,12018,7011
1231,13007,7004
1238,10026,6015
1243,14027,8016
1244,11013,6007
1247,16018,9011
1250,8026,5015
1251,18015,10009
1258,12018,7011
1263,10018,6011
1277,12016,7009
1281,21018,12011
1285,27023,16014
1286,9015,5009
1287,28024,16014
1304,10009,6005
1306,7024,4014
1308,26020,15012
1312,17018,10011
1314,8016,5010
1332,12012,7007
1340,11017,6010
1357,6028,3017
1364,9016,5009
1371,7027,4016
1372,28023,16014
1373,13037,8022
1384,15008,9005
1392,19017,11010
1394,9017,5010
1409,12021,7012
1415,29023,17013
1419,27024,16014
1422,11017,6010
1437,13021,7012
1438,21018,12010
1455,21018,12011
1460,12016,7009
1462,7030,4018
1463,18016,10009
1490,24036,14021
1495,22032,13019
1506,21017,12010
1507,11023,6013
1510,13026,8015
1522,20034,12020
1525,6030,3018
1526,2026,1015
1530,28031,17018
1533,28018,17011
1540,14008,8004
1560,17017,10010
1572,15007,9004
1582,18021,10012
1597,9022,5013
1599,17026,10015
1605,10017,6010
1609,22037,13022
1615,18015,10009
1627,11012,6007
1640,21017,12010
1647,12010,7006
1652,13018,7011
1655,28021,16012
1658,12011,7007
1661,20018,12011
1677,6029,3017
1681,10024,6014
1690,11018,7010
1691,10015,6009
1695,9025,5015
1697,8023,4013
1702,14036,8021
1706,10014,6008
1713,25031,15018
1722,20028,12017
1734,18016,10009
1741,21035,12021
1751,13010,8006
1752,8017,5010
1762,10016,6009
1766,8016,5009
1769,9016,5010
1771,17003,10002
1774,4028,2017
1777,19017,11010
1798,8022,5013
1801,9011,5006
1817,18017,10010
1820,13036,8021
1824,6028,3016
1826,13025,7015
1836,13020,7012
1837,9034,5020
1845,11007,7004
1852,12010,7006
1855,7024,4014
1856,19034,11020
1884,27024,16014
1886,12012,7007
1888,12012,7007
1895,17007,10004
1899,22018,13011
1900,10015,6009
1911,6026,3016
1915,12022,7013
1918,7017,4010
1921,10009,6005
1932,11016,6009
1944,8028,5016
1946,21024,12014
1954,13010,8006
1958,6015,3009
1965,21018,12010
1966,10010,6006
1967,20018,12010
1968,8019,5011
1973,8017,5010
1979,13016,8009
1989,13006,8003
1992,13039,8023
1994,14016,8009
2001,9025,5015
2007,18019,10011
2019,9021,5012
2020,11020,6012
2024,18025,10015
2027,9014,5008
2028,6030,4018
2030,13017,7010
2038,20032,12019
2045,14010,8006
2051,12018,7011
2056,9020,5012
2059,12012,7007
2061,15016,9009
2062,12015,7009
2063,7030,4018
2069,18018,10010
2075,11021,6012
2084,23023,14014
2085,20003,12002
2088,13008,7005
2089,13026,8016
2094,7024,4014
2097,18016,10010
2107,20024,12014
2110,9029,5017
2113,8020,5012
2120,13017,8010
2124,12010,7006
2128,11019,6011
2130,12018,7010
2136,20017,12010
2137,9023,5014
2143,20001,12000
2148,6026,4015
2156,11016,6010
2162,8017,4010
2172,28023,17013
2179,14017,8010
2186,7027,4016
2187,7025,4015
2188,16028,9017
2199,16017,9010
2200,12021,7012
2201,19032,11019
2203,28021,16012
2212,11023,6014
2216,25020,15012
2231,12011,7006
2241,8021,4012
2253,12021,7013
2260,8021,5012
2263,8019,5011
2274,13015,8009
2283,17004,10002
2285,21020,12012
2287,14019,8011
2288,9016,5009
2293,22017,13010
2295,1029,17
2297,10013,6008
2300,10023,6013
2309,17012,10007
2312,15016,9010
2314,16019,9011
2328,6015,3009
2351,12017,7010
2359,10017,6010
2366,9015,5009
2370,20019,12011
2383,26034,15020
2385,9018,5010
2394,10022,6013
2402,14012,8007
2436,19016,11009
2444,20018,12011
2449,10023,6013
2453,7018,4011
2454,7014,4008
2456,18017,11010
2458,11015,6009
2479,18033,11020
2485,19004,11002
2488,7020,4012
2494,7024,4014
2499,10016,6010
2504,7020,4012
2506,12022,7013
2514,8022,5013
2527,9016,5009
2536,12013,7008
2538,11010,6006
2550,7017,4010
2556,16012,9007
2557,21036,12021
2558,13012,8007
2563,10011,6006
2565,12017,7010
2569,15010,9006
2574,13013,8008
2583,13011,8006
2587,11028,6017
2598,16013,9007
2599,22036,13022
2608,6028,3017
2621,10012,6007
2626,12010,7006
2638,11015,6009
2649,7025,4015
2651,16007,9004
2652,11017,6010
2661,9023,5014
2665,11018,7011
2668,8022,4013
2671,12019,7011
2674,11018,6010
2680,2027,1016
2682,8014,4008
2695,7026,4015
2703,14017,8010
2704,10029,6017
2705,18005,10003
2710,23032,13019
2726,12011,7006
2748,12011,7006
2760,10013,6007
2764,22018,13010
2767,14020,8012
2774,21018,12010
2782,4025,2015
2786,15016,9009
2791,16007,9004
2811,13013,7008
2812,12013,7007
2822,15027,9016
2823,14020,8012
2833,11022,6013
2834,8026,5016
2844,13007,8004
2846,11023,6013
2851,6030,3018
2852,16024,9014
2857,11018,6011
2861,18017,10010
2868,15025,9015
2873,27023,16014
2877,11029,7017
2881,13017,8010
2885,5030,3018
2887,9023,5014
2890,20033,12019
2893,15014,9008
2896,29020,17012
2900,6024,3014
2912,7020,4012
2914,2022,1013
2925,22021,13012
2930,10020,6012
2935,7023,4013
2936,8015,5009
2951,14011,8006
2952,13017,7010
2977,5029,3017
2978,7030,4018
2979,19020,11012
3003,11020,6012
3004,20019,12011
3018,7031,4018
3030,16011,9006
3036,11019,7011
3046,8027,5016
3053,7021,4012
3055,21022,12013
3056,21019,12011
3066,8016,5009
3082,13017,7010
3091,10022,6013
3101,9020,5012
3103,20033,12019
3107,20020,12012
3119,15010,9006
3122,8031,4019
3127,12024,7014
3130,10014,6008
3141,11024,6014
3142,22001,13000
3146,8015,5009
3155,15016,9009
3156,9017,5010
3165,12024,7014
3170,7014,4008
3173,19033,11020
3175,8022,5013
3181,15023,9013
3183,15010,9006
3186,12017,7010
3195,32043,19025
3198,19018,11010
3201,20020,12012
3206,18007,10004
3218,14006,8004
3226,21019,12011
3229,9018,5011
3231,15018,9011
3236,19017,11010
3239,21023,12014
3242,14009,8005
3248,21019,12011
3249,10011,6007
3252,11012,6007
3261,12017,7010
3265,12008,7005
3266,9031,5018
3270,10015,6009
3274,13013,8007
3278,9018,5010
3284,10017,6010
3290,12007,7004
3291,10017,6010
3292,14018,8011
3293,9018,5011
3296,8018,4010
3310,13038,8023
3312,19017,11010
3316,16022,9013
3320,14017,8010
3336,6028,4016
3342,7028,4016
3344,9020,5012
3351,11024,6014
3354,14018,8010
3358,13018,8011
3364,10017,6010
3366,9029,5017
3370,28018,16010
3377,11024,6014
3382,8022,5013
3384,8020,5012
3387,16019,9011
3389,18031,11018
3393,14006,8003
3404,15027,9016
3412,6022,4013
3417,18002,10001
3436,26033,15020
3443,12035,7021
3445,8022,4013
3448,13016,7009
3454,10016,6009
3458,11029,6017
3459,15009,9005
3463,22017,13010
3469,5030,3018
3475,9023,5014
3476,14019,8011
3479,6028,3017
3499,21026,12015
3504,14016,8010
3510,13010,8006
3518,15013,9007
3541,11010,7006
3542,6025,3015
3546,12024,7014
3551,19005,11003
3553,9015,5009
3568,10011,6007
3580,22018,13011
3582,13011,7006
3594,16014,9008
3603,22017,13010
3605,25023,15014
3616,7018,4011
3617,21023,12013
3619,17005,10003
3620,10023,6014
3628,13026,7015
3630,16008,10005
3634,13010,8006
3635,13014,8008
3637,7027,4016
3638,14019,8011
3644,9019,5011
3670,13016,8009
3673,8018,5010
3674,26020,15012
3675,9016,5009
3680,17017,10010
3685,26033,16020
3694,8028,4017
3708,8020,4012
3711,10018,6011
3716,19005,11003
3718,10024,6014
3721,11016,6009
3722,16016,9009
3723,9025,5015
3730,22021,13012
3733,3029,2017
3735,8030,4018
3739,20005,12003
3742,10024,6014
3755,7021,4012
3756,7025,4015
3769,9019,5011
3774,11025,7015
3778,7015,4009
3787,11017,6010
3788,10018,6010
3791,11013,6008
3799,12023,7014
3800,9012,5007
3804,8019,5011
3805,9020,5012
3816,18001,11001
3822,11013,6008
3823,7025,4015
3825,8026,5016
3826,12026,7015
3828,11014,6008
3832,11006,6003
3837,9019,5011
3840,12017,7010
3866,7020,4012
3867,12010,7006
3868,12022,7013
3870,6023,4014
3875,11010,7006
3879,14011,8006
3880,11019,6011
3891,6024,3014
3894,11024,7014
3903,14018,8010
3906,30028,18017
3917,21017,13010
3932,17015,10009
3935,7017,4010
3936,7026,4016
3937,11018,6010
3939,21017,12010
3940,5030,3018
3942,14015,8009
3944,12023,7014
3948,8025,4015
3952,11011,6007
3956,11018,6011
3958,12018,7010
3960,22017,13010
3961,6023,3014
3966,18025,10015
3974,20033,12019
3980,9020,5012
3987,17021,10012
4002,9022,5013
4003,12013,7008
4004,28025,17015
4007,15018,9011
4009,9017,5010
4012,13039,8023
4017,9019,5011
4028,16014,9008
4034,7023,4013
4044,11026,6016
4048,19033,11020
4049,15012,9007
4050,18017,11010
4058,15020,9012
4063,7018,4011
4065,7014,4008
4071,15018,9011
4072,10014,6008
4078,17011,10007
4082,7017,4010
4086,8027,4016
4087,17003,10002
4093,12018,7010
4111,11016,6009
4115,16037,9022
4116,20033,12020
4123,16028,9016
4127,15018,9011
4130,12010,7006
4131,26023,16014
4135,9020,5012
4140,13005,8003
4142,16029,9017
4146,5026,3015
4159,10009,6005
4160,12013,7007
4171,10025,6015
4173,8025,5015
4182,10019,6011
4184,7028,4017
4185,19016,11010
4201,14005,8003
4204,9021,5012
4206,28023,16014
4208,9025,5015
4211,23019,14011
4227,22023,13014
4229,12016,7009
4234,24020,14012
4236,8021,5012
4246,11029,6017
4256,9019,5011
4266,14020,8012
4267,10022,6013
4268,8026,5015
4270,27020,16012
4274,19017,11010
4275,29019,17011
4276,13013,8008
4283,9012,5007
4287,14020,8012
4291,9018,5011
4298,7027,4016
4299,8026,4015
4300,28022,17013
4301,12015,7009
4302,10019,6011
4308,21018,12010
4311,18035,10021
4333,14036,8021
4339,7026,4016
4357,11025,6015
4358,7015,4009
4361,20017,12010
4365,19036,11021
4378,8015,5009
4380,7022,4013
4404,12017,7010
4406,10015,6009
4421,11023,6014
4426,9015,5009
4429,6026,4015
4431,9014,5008
4433,10013,6008
4439,10024,6014
4444,9016,5009
4446,11025,6015
4451,5029,3017
4456,19005,11003
4458,20033,12019
4464,7027,4016
4466,21017,12010
4469,15014,9008
4470,6027,3016
4475,15009,9005
4476,11009,7005
4486,17012,10007
4500,5027,3016
4502,11011,7006
4505,19002,11001
4508,7017,4010
4516,22019,13011
4517,7020,4012
4520,8019,5011
4523,9025,5015
4529,27023,16014
4541,11015,6009
4542,11010,6006
4553,11017,6010
4556,17016,10009
4559,9014,5008
4560,20031,12018
4571,9016,5010
4577,8034,5020
4579,15017,9010
4583,7018,4011
4590,12023,7014
4591,7026,4015
4592,15008,9005
4594,14016,8009
4597,9026,5015
4603,9015,5009
4607,9030,5018
4619,9017,5010
4632,20020,12012
4633,6026,3015
4637,13025,8015
4653,16011,10006
4660,6024,3014
4666,16018,10011
4683,20018,12010
4687,19000,11000
4705,10011,6006
4716,11012,6007
4730,10016,6009
4746,20016,12010
4753,20032,12019
4754,26034,15020
4756,21017,13010
4759,9025,5015
4766,12026,7015
4769,14017,8010
4773,13018,7010
4774,26031,15018
4778,13026,7015
4782,19023,11014
4783,13012,8007
4784,8031,5018
4790,7018,4010
4793,18025,11015
4794,16007,9004
4809,14005,8003
4819,9028,5017
4837,24028,14017
4843,9021,5013
4850,14011,8007
4851,11023,6014
4858,14020,8012
4880,8021,5013
4883,19005,11003
4886,20033,12019
4907,18017,10010
4911,11024,6014
4912,14010,8006
4924,8017,5010
4926,19022,11013
4930,8020,5012
4935,4024,2014
4939,7027,4016
4942,8021,5012
4951,15013,9007
4953,8016,4009
4957,10023,6013
4960,4030,2018
4961,7020,4012
4964,13015,8009
4976,20032,12019
5002,9019,5011
5012,10021,6012
5019,15020,9012
5026,17021,10012
5033,18025,11015
5038,8017,4010
5043,14020,8012
5047,14028,8017
5056,10017,6010
5058,11024,6014
5082,19033,11019
5098,14022,8013
5112,27020,16012
5117,13013,7007
5137,4029,2017
5138,11024,6014
5162,12011,7007
5166,10022,6013
5183,11012,7007
5187,20017,12010
5190,10017,6010
5191,16028,9017
5194,11023,6014
5201,8027,5016
5205,20019,12011
5210,9033,5020
5225,7023,4013
5227,10023,6013
5231,9015,5009
5238,12013,7008
5246,26031,15018
5248,16015,9009
5255,10016,6009
5259,6025,4015
5261,7022,4013
5266,20033,12020
5271,27023,16014
5288,13013,8007
5289,9020,5012
5291,14024,8014
5292,9016,5009
5298,11016,6009
5321,20017,12010
5328,21038,13023
5330,16005,10003
5352,8016,4010
5353,22023,13014
5364,11018,7010
5367,5026,3016
5388,9017,5010
5395,19031,11019
5396,11013,6008
5397,8027,5016
5399,25019,15011
5400,8023,4013
5401,26028,16017
5405,30027,18016
5407,12013,7008
5416,16028,9017
5417,13020,7012
5423,17012,10007
5431,17020,10012
5438,14019,8011
5441,11011,6006
5452,9020,5012
5461,19023,11014
5463,7022,4013
5474,14017,8010
5482,12023,7014
5484,12027,7016
5485,11014,6008
5501,7014,4008
5507,8023,4013
5509,9013,5007
5512,26031,15018
5536,12010,7006
5537,21024,12014
5540,8022,5013
5557,18004,10002
5558,11024,6014
5559,9017,5010
5573,27028,16016
5579,13017,7010
5580,6030,3018
5581,6030,3018
5586,15009,9005
5589,9017,5010
5594,18032,10019
5596,21021,12012
5597,21018,12011
5603,13007,8004
5612,27024,16014
5616,9020,5012
5618,28023,17014
5631,12018,7011
5632,16016,9009
5637,11018,6010
5647,12026,7015
5649,8018,5011
5656,10015,6009
5665,12018,7010
5674,15012,9007
5677,12021,7012
5684,16007,9004
5686,8018,5010
5687,21017,12010
5704,12015,7009
5716,15007,9004
5717,10015,6009
5724,15017,9010
5726,21023,12014
5732,21031,13018
5739,19016,11009
5761,22024,13014
5765,8022,4013
5766,12013,7008
5773,16010,9006
5778,16008,9004
5794,13024,7014
5797,14016,8009
5799,12009,7005
5803,13015,8009
5807,14012,8007
5832,9017,5010
5838,17019,10011
5842,9021,5012
5844,14011,8006
5848,12012,7007
5855,11017,7010
5858,26028,16017
5859,7018,4011
5861,20017,12010
5862,18017,10010
5867,19006,11003
5881,16010,10006
5894,13009,8005
5905,8031,4018
5915,9021,5012
5919,16029,9017
5932,13018,8011
5968,13026,7015
5988,10016,6010
5989,20018,12011
6008,21019,12011
6017,20024,12014
6020,8028,5016
6022,13010,8006
6029,14010,8006
6030,21021,12012
6037,13011,7006
6043,19033,11020
6050,31027,18016
6056,9021,5013
6058,15018,9010
6061,28032,16019
6069,27019,16011
6073,7031,4018
6075,28024,16014
6081,8019,5011
6092,19023,11014
6097,18017,10010
6099,14017,8010
6104,8027,4016
6105,7030,4018
6118,11024,7014
6125,8016,5009
6131,7017,4010
6133,24039,14023
6144,12026,7015
6153,8019,4011
6163,13010,8006
6175,10013,6007
6182,12025,7015
6183,27023,16014
6193,11018,6011
6196,13013,7007
6209,20034,12020
6211,17018,10010
6226,12016,7009
6254,12014,7008
6255,23038,14023
6259,8017,5010
6262,8026,4015
6267,5028,3017
6272,8015,5009
6273,25027,15016
6283,20023,12014
6287,21017,13010
6290,12012,7007
6291,12009,7005
6294,28027,17016
6298,21018,12010
6299,8017,5010
6303,20017,12010
6307,17011,10006
6315,14014,8008
6319,20004,12002
6328,20017,12010
6343,9021,5012
6347,11035,7021
6353,13027,7016
6357,15011,9006
6362,17032,10019
6366,12011,7006
6378,20017,12010
6379,11021,7012
6385,14012,8007
6389,4026,2015
6394,9017,5010
6396,12015,7009
6401,12024,7014
6404,19032,11019
6411,13011,8006
6415,13010,8006
6437,12024,7014
6446,12026,7015
6448,18025,10015
6460,9012,5007
6464,12025,7015
6469,11011,7007
6474,28018,16010
6477,11016,6010
6480,8020,5012
6482,22025,13015
6487,21024,12014
6490,12009,7005
6493,8016,5009
6501,27019,16011
6503,8022,5013
6517,8019,4011
6524,20020,12012
6526,18004,11002
6544,11021,6013
6547,14026,8015
6550,9022,5013
6551,20023,12014
6556,18018,11011
6558,8017,5010
6561,7022,4013
6565,9014,5008
6573,9012,5007
6584,7018,4010
6596,14015,8009
6600,12022,7013
6609,12024,7014
6618,7018,4011
6621,11014,6008
6627,11016,6010
6630,12024,7014
6635,17029,10017
6644,12025,7015
6671,6028,4017
6673,8025,5015
6676,32043,19025
6715,16017,9010
6729,12012,7007
6737,11015,6009
6741,13020,8012
6742,20003,12002
6750,19018,11011
6754,20020,12012
6758,9014,5008
6777,20019,12011
6784,9016,5009
6789,9026,5015
6790,15014,9008
6798,20032,12019
6799,7021,4012
6800,19033,11020
6806,10015,6009
6808,19016,11009
6809,10015,6009
6814,7027,4016
6819,7026,4015
6821,12022,7013
6825,11013,7008
6826,17003,10002
6830,18019,10011
6833,18004,11002
6841,11019,6011
6849,21025,12015
6852,21033,12020
6853,12019,7011
6866,5028,3016
6875,13005,8003
6900,21019,12011
6904,16014,9008
6909,13018,8011
6911,8028,4017
6918,11026,7015
6919,11020,6012
6923,10023,6013
6925,5029,3017
6933,19005,11003
6943,11019,6011
6953,20018,12010
6957,10023,6014
6972,7017,4010
6984,10016,6009
6987,21018,13011
6990,14024,8014
6996,18022,10013
7003,7024,4014
7011,10014,6008
7012,10017,6010
7017,20004,12002
7026,7030,4018
7027,14019,8011
7049,17003,10002
7057,14017,8010
7065,13017,7010
7067,8028,4016
7068,13020,7012
7082,9012,5007
7095,9017,5010
7101,18028,11017
7117,12020,7012
7120,18007,11004
7123,28024,16014
7125,29022,17013
7138,10016,6009
7141,30028,18017
7154,15012,9007
7158,10018,6011
7162,13012,8007
7166,28023,17014
7177,21017,12010
7185,22023,13014
7191,21020,12012
7193,24023,14013
7194,7030,4018
7200,7027,4016
7202,10020,6012
7215,16019,9011
7219,10014,6008
7232,13017,8010
7237,13027,8016
7239,16019,10011
7268,19017,11010
7270,11013,7008
7272,18015,11009
7281,7016,4009
7298,18015,11009
7301,10023,6014
7305,13019,8011
7312,8015,4009
7317,16011,9007
7325,11023,6013
7327,18018,11011
7328,21017,12010
7333,13017,8010
7340,22017,13010
7342,15018,9011
7345,11012,6007
7351,12026,7015
7359,17019,10011
7361,9017,5010
7364,16011,9006
7367,13025,8015
7375,8019,4011
7379,10011,6006
7382,15022,9013
7384,7022,4013
7385,16008,9005
7390,21033,12020
7393,8015,4009
7394,19007,11004
7400,10023,6014
7421,9029,5017
7427,25029,15017
7428,28023,16014
7433,17017,10010
7436,13016,7009
7440,12019,7011
7441,21035,13021
7444,3025,2015
7455,12012,7007
7457,13026,8015
7469,6030,3018
7471,16008,9004
7478,7030,4018
7479,21018,13011
7485,12012,7007
7488,14017,8010
7490,15007,9004
7492,18034,11020
7507,9017,5010
7510,18031,11018
7512,11023,7013
7518,7020,4012
7519,17017,10010
7530,7020,4012
7531,12011,7006
7539,10023,6014
7540,10016,6009
7544,13016,8009
7551,20020,12012
7554,13020,7012
7558,7019,4011
7559,8018,5010
7568,14017,8010
7572,20033,12019
7577,8017,5010
7583,11021,6012
7585,13020,8012
7599,11013,6008
7601,10012,6007
7604,10023,6014
7609,16018,10011
7620,7016,4010
7621,18005,11003
7638,17019,10011
7642,8028,4016
7647,11020,6012
7648,7017,4010
7651,3027,1016
7652,17016,10009
7656,13012,8007
7663,12013,7008
7667,7016,4009
7673,10022,6013
7678,7017,4010
7684,8019,5011
7685,8028,5016
7689,14019,8011
7690,11014,6008
7704,18024,11014
7708,27019,16011
7709,8026,5015
7718,12010,7006
7720,12020,7012
7723,11023,6014
7748,6026,4015
7760,7017,4010
7763,8015,5009
7775,8019,4011
7778,6030,3018
7782,21018,12011
7787,14016,8010
7788,11021,7012
7830,9021,5012
7837,15028,9016
7844,11022,7013
7845,13011,8006
7855,10016,6009
7857,24034,14020
7859,9017,5010
7871,8019,5011
7872,8021,5012
7877,13017,8010
7888,20004,12002
7890,8021,5012
7894,14010,8006
7900,17011,10007
7903,26023,15014
7917,12018,7011
7924,12012,7007
7926,9016,5010
7928,14017,8010
7936,8019,4011
7938,6030,3018
7944,9022,5013
7952,7027,4016
7954,11010,6006
7963,11029,6017
7964,11019,7011
7969,21021,12012
7970,10025,6015
7974,9023,5014
7995,8019,4011
8001,11021,7013
8003,9017,5010
8018,8028,4017
8019,3025,2015
8021,6028,3016
8034,7019,4011
8043,15011,9006
8044,11030,6018
8050,18017,11010
8052,14028,8017
8055,12017,7010
8062,10016,6009
8073,11009,7005
8076,15018,9010
8077,21032,12019
8093,8020,4012
8108,14011,8007
8113,10023,6014
8116,20021,12012
8117,8018,5011
8118,11014,7008
8120,7017,4010
8124,22018,13011
8134,16010,9006
8135,20034,12020
8138,11019,6011
8143,9016,5009
8147,27020,16012
8148,9026,5015
8150,12025,7015
8153,19024,11014
8157,6025,3015
8158,24019,14011
8159,26028,15017
8160,14005,8003
8166,7023,4014
8170,14010,8006
8185,14020,8012
8186,21026,12015
8187,21023,12014
8195,12026,7015
8206,18005,11003
8210,19033,11019
8220,4026,2015
8228,26022,16013
8233,26020,15012
8237,18018,10010
8238,12009,7005
8261,4029,2017
8266,12010,7006
8269,9024,5014
8274,8028,5017
8276,13017,8010
8277,11017,6010
8279,11010,7006
8297,9015,5009
8306,10022,6013
8319,11014,6008
8324,13011,8006
8342,26023,15014
8349,7021,4012
8351,26020,15012
8362,13008,8004
8364,28023,17014
8372,18018,10011
8374,8018,4011
8379,11019,6011
8384,26031,15018
8386,13012,8007
8388,11015,6009
8394,10022,6013
8395,20033,12020
8403,17005,10003
8417,10018,6010
8428,12015,7009
8435,7026,4015
8438,12018,7011
8444,8027,5016
8445,17018,10011
8448,17026,10015
8450,8016,4009
8452,18034,10020
8457,9018,5011
8461,17012,10007
8463,8021,5013
8466,4026,2015
8469,12010,7006
8473,9028,5016
8479,5030,3018
8492,16011,9006
8494,8025,4015
8497,15019,9011
8520,16029,9017
8532,10021,6012
8537,15018,9011
8540,17021,10012
8543,12011,7007
8544,8022,4013
8545,11023,6014
8553,15008,9005
8565,10022,6013
8571,16008,9005
8579,12017,7010
8593,8019,5011
8601,6015,3009
8625,13018,8010
8627,8016,5009
8628,10021,6012
8629,19034,11020
8633,17019,10011
8649,3028,1016
8652,7029,4017
8661,12025,7015
8682,20017,12010
8683,17025,10015
8685,12010,7006
8702,4029,2017
8705,10017,6010
8707,6028,3017
8716,22018,13010
8717,4029,2017
8719,20018,12010
8723,7027,4016
8732,20032,12019
8750,27024,16014
8760,8023,5014
8766,5028,3017
8770,8016,4009
8788,10016,6009
8790,11019,6011
8795,20019,12011
8799,18005,11003
8808,11010,6006
8813,19023,11013
8817,7027,4016
8827,8019,5011
8837,11006,7004
8838,23020,14012
8847,17019,10011
8851,18005,11003
8860,10025,6015
8861,14034,8020
8864,10012,6007
8865,28024,16014
8868,11021,6012
8879,7028,4017
8884,20004,12002
8887,7028,4017
8892,11015,6009
8895,10022,6013
8899,10010,6006
8904,11009,7005
8918,8027,4016
8929,11027,6016
8930,10014,6008
8941,10014,6008
8943,11017,6010
8948,12013,7008
8963,10011,6007
8968,21028,12016
8978,11019,6011
8995,9022,5013
9010,11019,6011
9020,9016,5009
9024,12023,7013
9025,4029,2017
9031,11017,6010
9044,19033,11020
9048,13013,8007
9049,17025,10015
9065,9018,5011
9066,19001,11000
9069,11019,6011
9071,14005,8003
9076,12029,7017
9093,12019,7011
9099,13007,8004
9104,5029,3017
9109,5030,3018
9113,15014,9008
9128,28022,16013
9133,13027,8016
9136,6029,3017
9137,10023,6014
9139,12007,7004
9140,9022,5013
9142,21024,12014
9151,19005,11003
9153,6025,4015
9157,14018,8010
9159,18027,11016
9163,25023,15014
9170,13011,8006
9175,9026,5015
9178,13010,8006
9184,11023,6013
9193,6026,3015
9212,13012,7007
9213,26033,15020
9230,12024,7014
9231,16027,9016
9234,14011,8006
9248,19032,11019
9251,19020,11012
9259,6026,3015
9269,18005,11003
9287,6021,3012
9299,20003,12002
9302,17002,10001
9307,17028,10017
9315,4026,2015
9316,14027,8016
9327,7027,4016
9334,19021,11012
9349,7018,4011
9369,21018,13011
9371,10022,6013
9386,29024,17014
9399,14019,8011
9405,13010,8006
9406,21022,12013
9412,17035,10021
9426,11013,6008
9431,21024,12014
9432,24019,14011
9447,13013,8008
9479,18029,11017
9483,28024,17014
9499,26020,16012
9508,10018,6011
9509,26020,15012
9526,10026,6015
9528,20005,12003
9536,30041,18024
9538,22039,13023
9542,11019,6011
9556,20033,12020
9561,22019,13011
9564,17020,10012
9588,15028,9016
9589,12015,7009
9605,12018,7010
9613,9022,5013
9620,7019,4011
9635,15016,9009
9639,9022,5013
9643,12011,7006
9655,28024,16014
9664,16007,9004
9675,14011,8006
9681,5026,3015
9692,8020,5012
9693,8021,4012
9694,17003,10001
9703,8017,5010
9704,10022,6013
9711,8027,5016
9723,29025,17015
9740,10013,6008
9746,8030,4018
9752,19027,11016
9762,12020,7012
9773,9022,5013
9778,16006,9003
9783,16023,9013
9788,21026,13015
9789,16020,9012
9793,17003,10002
9796,15011,9006
9801,12024,7014
9802,11018,6011
9811,4025,2015
9816,7018,4010
9818,7017,4010
9822,4030,2018
9823,14011,8006
9830,12011,7006
9832,16006,9003
9840,13010,7006
9845,18036,10021
9864,12014,7008
9865,11024,6014
9869,29028,17017
9875,16020,9012
9888,5025,3015
9889,21017,13010
9892,9018,5011
9908,20019,12011
9926,10008,6005
9938,20024,12014
9943,9013,5007
9944,10015,6009
9956,18016,11009
9966,8022,5013
9981,21023,12014
9984,8016,5009
9989,18019,11011
10004,12013,7008
10006,28022,16013
10019,18007,11004
10021,14005,8003
10023,5028,3016
10025,11020,7012
10026,6025,3015
10040,8017,5010
10041,17006,10003
10049,10022,6013
10056,6021,4012
10060,9030,5018
10066,12017,7010
10076,12019,7011
10077,17006,10003
10082,15011,9006
10093,16029,10017
10107,9025,5015
10114,19033,11020
10116,14021,8012
10133,10021,6012
10142,19033,11020
10144,17034,10020
10145,11009,6005
10146,14016,8009
10147,11007,6004
10153,11019,6011
10156,6030,3018
10161,18001,11000
10165,8018,5011
10169,14011,8006
10174,19017,11010
10178,8018,4011
10186,11023,7014
10187,18005,10003
10192,14017,8010
10200,27020,16012
10206,14017,8010
10208,28021,16012
10212,18015,11009
10215,7023,4013
10216,9029,5017
10239,16017,9010
10247,8020,4012
10260,8018,5011
10263,10009,6005
10312,23028,13017
10319,15029,9017
10332,22034,13020
10337,10020,6012
10341,11020,6012
10346,20032,12019
10351,17019,10011
10370,4024,2014
10371,12023,7014
10377,12020,7012
10387,12027,7016
10389,6029,3017
10395,16006,9003
10397,11013,6007
10404,8027,4016
10408,14015,8009
10410,19017,11010
10411,12016,7009
10431,18019,10011
10440,27020,16012
10455,13011,8007
10461,19004,11002
10463,13006,8003
10467,13013,8008
10472,8020,5012
10475,17003,10002
10476,20003,12002
10478,18003,11001
10480,14015,8009
10483,8016,5010
10487,9018,5011
10495,11007,7004
10496,5026,3016
10504,7022,4013
10508,10017,6010
10517,22001,13001
10520,15014,9008
10521,10014,6008
10523,13013,7008
10529,10016,6010
10532,7015,4009
10534,11021,6012
10540,9013,5007
10544,7030,4018
10548,8028,5016
10549,11023,6014
10553,7019,4011
10564,13025,7015
10568,12022,7013
10571,10015,6009
10576,13028,8017
10589,13027,7016
10591,22019,13011
10597,9016,5009
10599,23023,14013
10604,10019,6011
10610,5030,3018
10628,7023,4014
10634,16016,9010
10659,13025,8015
10671,2029,1017
10686,11023,6014
10698,20032,12019
10711,9019,5011
10721,22019,13011
10723,16027,9016
10740,11013,6008
10753,5030,3018
10756,12013,7008
10776,7027,4016
10783,19034,11020
10789,5023,3014
10797,16013,9008
10806,21023,12014
10812,23018,14011
10823,8020,4012
10825,12009,7005
10830,9020,5012
10844,7023,4014
10847,11011,6007
10852,9016,5009
10854,15017,9010
10856,7022,4013
10861,14016,8009
10864,21000,12000
10869,17011,10006
10876,19016,11009
10883,24039,14023
10888,18015,10009
10918,21017,13010
10928,19004,11002
10929,11021,6012
10941,6027,3016
10946,20031,12018
10952,17019,10011
10961,12010,7006
10970,8016,4009
10977,14038,8022
10989,13016,7009
11000,12022,7013
11003,12022,7013
11005,10026,6015
11019,21004,12002
11032,29026,17015
11038,17004,10002
11040,8019,5011
11041,16029,9017
11043,21030,12018
11049,27028,16016
11051,16030,9018
11054,5030,3018
11056,14011,8006
11058,11016,6009
11065,29039,17023
11070,5030,3018
11074,29022,17013
11077,11020,7012
11082,26038,15022
11084,26029,15017
11095,8028,4016
11102,20000,12000
11110,18025,11015
11114,14016,8009
11118,10025,6015
11128,18015,10009
11132,11026,6016
11134,18016,11009
11144,13010,7006
11147,7030,4018
11149,20032,12019
11151,28023,17014
11154,9022,5013
11166,21025,13015
11167,8026,4015
11169,22036,13021
11178,6025,4015
11179,15009,9005
11180,11017,6010
11185,6029,3017
11187,20003,12002
11193,6025,3015
11194,16019,9011
11196,27024,16014
11217,12025,7015
11219,14020,8012
11229,14009,8005
11231,9020,5012
11238,10015,6009
11244,21034,13020
11247,11011,6006
11252,8021,5012
11257,19016,11010
11267,6030,4018
11286,12013,7007
11294,18017,11010
11299,20017,12010
11302,20026,12015
11303,9021,5013
11305,12017,7010
11312,7015,4009
11332,7017,4010
11340,16011,9006
11348,22019,13011
11362,10017,6010
11365,8020,4012
11366,11022,6013
11370,11021,6012
11371,22021,13012
11373,21023,13014
11379,26025,15015
11381,15024,9014
11383,8022,5013
11384,10022,6013
11391,18001,10001
11393,9026,5015
11396,12025,7015
11403,6021,4012
11408,14017,8010
11410,21000,12000
11426,9030,5018
11443,13013,8007
11444,22035,13021
11451,9015,5009
11453,12017,7010
11454,7021,4012
11462,19002,11001
11466,9014,5008
11484,10013,6008
11485,10014,6008
11486,10013,6008
11505,22018,13010
11512,17016,10009
11520,17003,10001
11525,12026,7016
11529,7025,4015
11531,14008,8004
11541,33046,20027
11547,5029,3017
11552,29032,17019
11559,22019,13011
11568,7031,4018
11569,19033,11019
11597,7028,4017
11605,21033,13020
11607,8027,5016
11616,13016,8009
11621,11015,6009
11627,6029,3017
11638,28024,17014
11652,25020,15012
11656,13027,7016
11664,19002,11001
11667,15011,9006
11675,23019,13011
11681,14012,8007
11690,14020,8012
11694,18015,10009
11695,11018,6011
11701,7015,4009
11702,18031,10018
11710,21022,12013
11718,7028,4017
11723,5030,3018
11728,16014,9008
11730,11024,6014
11734,6024,3014
11743,16018,9010
11744,19033,11020
11745,20016,12010
11753,11030,6018
11774,12023,7014
11777,8018,5011
11789,7019,4011
11791,15017,9010
11793,16027,10016
11794,29023,17014
11796,10028,6017
11800,20018,12010
11809,12018,7010
11818,11024,6014
11823,7026,4016
11835,20033,12020
11863,10033,6019
11870,19033,11019
11874,19002,11001
11875,10017,6010
11897,12011,7007
11900,13007,8004
11906,8023,4014
11908,16006,9003
11917,20017,12010
11923,16011,10006
11926,8020,4012
11939,8017,4010
11941,8025,5015
11945,15008,9005
11964,11013,6008
11972,17008,10005
11975,3025,2015
11976,19023,11014
11977,14016,8009
11979,11013,6008
11984,13017,8010
11994,20035,12021
12008,12023,7013
12015,12028,7017
12021,28024,16014
12022,17010,10006
12036,3027,1016
12048,7022,4013
12052,15016,9009
12065,9025,5015
12077,25034,15020
12078,13015,8009
12080,14012,8007
12093,16010,9006
12098,18018,11011
12101,8015,5009
12103,12009,7005
12106,20018,12010
12111,14010,8006
12112,8021,5012
12114,11016,6009
12122,6026,3015
12142,12008,7005
12143,17030,10018
12144,19005,11003
12145,7024,4014
12151,15028,9016
12163,28024,17014
12164,6028,3016
12165,21018,12011
12167,15008,9005
12182,26,15
12191,21019,12011
12196,12027,7016
12199,9022,5013
12200,12017,7010
12202,22018,13011
12203,19033,11020
12206,21017,12010
12221,10025,6015
12223,19020,11012
12236,22024,13014
12243,13019,8011
12248,17006,10004
12257,23024,14014
12270,14035,8021
12275,13012,7007
12276,27023,16014
12277,13013,8008
12299,11024,6014
12305,13010,8006
12312,7019,4011
12320,12008,7004
12327,7027,4016
12329,7016,4010
12337,6028,3017
12355,17014,10008
12358,17015,10009
12367,13007,8004
12369,13011,8006
12374,12017,7010
12377,9022,5013
12378,20020,12012
12380,9016,5009
12386,9019,5011
12388,8023,4014
12389,17015,10009
12394,12010,7006
12397,11012,6007
12402,17019,10011
12405,28030,17018
12408,19017,11010
12418,12012,7007
12428,18020,10012
12442,19000,11000
12447,9024,5014
12505,12025,7015
12508,12011,7006
12516,7028,4017
12518,18001,11001
12520,17034,10020
12523,6029,3017
12543,11018,6010
12559,10017,6010
12564,10012,6007
12573,22018,13011
12574,11016,6010
12576,16019,9011
12577,13020,8012
12581,10015,6009
12583,33043,20025
12587,12016,7009
12588,7020,4012
12590,19001,11000
12591,29027,17016
12595,10021,6012
12597,28024,17014
12599,19005,11003
12604,13026,7015
12617,17006,10003
12619,12011,7006
12623,10020,6012
12630,17019,10011
12647,5029,3017
12651,11029,6017
12659,14011,8006
12665,7016,4009
12666,20017,12010
12705,12025,7015
12709,21018,12011
12724,11014,6008
12726,10011,6006
12732,19032,11019
12740,8016,5009
12742,8022,5013
12743,7026,4016
12746,22019,13011
12753,7015,4009
12757,19017,11010
12761,20003,12002
12775,14017,8010
12777,10020,6012
12779,20024,12014
12794,18026,10015
12826,16012,10007
12827,14018,8011
12837,13010,7006
12847,11010,7006
12865,11020,6012
12867,18016,10009
12872,5027,3016
12880,11020,6012
12887,16017,9010
12895,21027,13016
12903,12019,7011
12909,13011,7006
12915,22018,13011
12918,12008,7005
12919,12025,7015
12926,6027,3016
12932,11011,6007
12938,9019,5011
12941,8017,5010
12954,12010,7006
12956,6027,4016
12962,7020,4012
12964,9021,5012
12966,21023,13013
12970,9021,5012
12972,25020,15012
12979,13012,7007
12981,15017,9010
12989,12015,7009
12992,12015,7009
12993,13020,7012
12996,10017,6010
12997,9029,5017
13000,22023,13013
13005,20033,12020
13006,23018,13010
13009,11010,6006
13025,19032,11019
13038,12014,7008
13047,8029,4017
13061,10015,6009
13067,13025,7015
13078,10015,6009
13087,20033,12020
13089,11009,6005
13096,11012,6007
13103,20032,12019
13105,8024,4014
13113,17019,10011
13114,17011,10006
13121,13035,8021
13157,25027,15016
13166,20024,12014
13167,14011,8006
13170,13017,8010
13187,8022,4013
13192,9014,5008
13203,22019,13011
13210,8019,5011
13230,17017,10010
13235,18016,10009
13241,18034,10020
13246,8023,4014
13263,9019,5011
13268,10023,6013
13279,19020,11012
13287,10029,6017
13292,9020,5012
13293,27023,16014
13294,6025,3015
13302,10018,6010
13303,9023,5014
13315,21017,12010
13328,25023,15014
13331,8017,4010
13337,8030,5018
13342,13016,8009
13349,11022,7013
13358,7027,4016
13365,17006,10003
13368,16016,10009
13369,27019,16011
13371,10020,6012
13374,19032,11019
13375,20034,12020
13382,8015,4009
13386,7028,4016
13390,9017,5010
13406,12016,7009
13414,9029,5017
13420,10024,6014
13424,9015,5009
13432,11019,6011
13434,7028,4016
13435,14018,8010
13440,17015,10009
13442,18017,11010
13443,12020,7012
13444,28027,17016
13446,19020,11012
13447,2027,1016
13451,11012,6007
13453,10021,6012
13468,9018,5010
13489,12012,7007
13501,13008,7005
13502,16016,9009
13508,9026,5015
13511,13013,7007
13524,10013,6008
13525,7014,4008
13527,19020,11012
13532,15007,9004
13535,19004,11002
13537,14004,8002
13540,19020,11012
13542,26044,15026
13546,9019,5011
13561,10018,6011
13567,12012,7007
13575,15016,9010
13576,11015,6009
13578,9024,5014
13589,13017,7010
13592,10015,6009
13602,13018,7011
13606,20033,12019
13612,16019,9011
13613,14011,8006
13621,19017,11010
13628,12018,7010
13634,18018,11010
13637,9029,5017
13640,9029,5017
13642,12017,7010
13649,14018,8011
13653,10013,6007
13656,15026,9015
13675,6025,3015
13678,9020,5012
13681,17030,10018
13698,19036,11021
13700,18005,10003
13706,9017,5010
13711,31028,18016
13725,16029,10017
13731,15018,9011
13732,17025,10015
13735,10021,6012
13737,7028,4016
13744,7027,4016
13747,18017,11010
13764,20003,12002
13776,20032,12019
13780,16016,9009
13798,6030,3018
13808,8016,4009
13809,13025,7015
13815,4025,2015
13835,20031,12018
13849,11018,6010
13850,18034,11020
13870,20017,12010
13878,8014,5008
13884,11013,6008
13894,10020,6012
13898,10022,6013
13903,28017,17010
13905,18026,11015
13906,7020,4012
13908,7017,4010
13939,10013,6008
13951,6027,3016
13963,10011,6006
13975,17011,10006
13982,11006,6004
13987,26040,15024
13990,13014,7008
13992,12018,7011
14014,7016,4009
14015,24039,14023
14034,11010,6006
14042,9018,5010
14044,19018,11010
14046,10021,6013
14049,6030,3018
14058,11016,7009
14059,9013,5008
14061,7030,4018
14064,19005,11003
14067,20032,12019
14073,7029,4017
14077,15018,9010
14091,8015,5009
14104,27024,16014
14112,9026,5016
14122,10014,6008
14159,21018,13010
14161,5027,3016
14182,13025,8015
14187,11018,6011
14188,9028,5017
14189,20004,12002
14216,12011,7006
14223,18017,11010
14226,15027,9016
14229,11013,6007
14230,10015,6009
14237,12030,7018
14238,2027,1016
14245,11023,6014
14251,12016,7009
14252,27033,16020
14255,22019,13011
14256,29022,17013
14260,12017,7010
14261,8014,4008
14262,17015,10009
14268,7016,4010
14282,13012,8007
14283,11017,6010
14295,17018,10010
14305,22017,13010
14312,11023,6014
14321,21024,12014
14322,9023,5013
14328,21023,12013
14334,13020,8012
14339,7018,4011
14355,8018,4011
14370,19023,11013
14385,15011,9006
14394,12006,7004
14395,10029,6017
14403,28021,16012
14410,17006,10004
14412,23023,14013
14414,12017,7010
14420,10013,6008
14424,9025,5015
14446,19017,11010
14449,12012,7007
14452,15009,9005
14455,12020,7012
14461,22020,13012
14472,7030,4018
14474,16019,9011
14479,22018,13011
14481,12018,7010
14494,10016,6009
14497,13026,7015
14500,28024,16014
14502,18017,11010
14503,20036,12021
14504,9021,5012
14506,9017,5010
14520,11016,6009
14521,15024,9014
14524,14027,8016
14525,7020,4012
14528,12017,7010
14541,28023,17014
14546,17034,10020
14569,16022,9013
14570,12014,7008
14582,12011,7006
14584,11013,6008
14592,15019,9011
14594,7024,4014
14601,9021,5012
14602,18006,11003
14611,15016,9009
14622,7021,4012
14624,9020,5012
14625,29022,17013
14634,11029,6017
14636,12018,7011
14641,8020,4012
14648,10023,6014
14652,26031,16018
14653,15023,9013
14654,16028,9017
14656,13016,8009
14657,14026,8016
14658,23033,14020
14660,6025,4015
14673,11030,6018
14684,14019,8011
14688,12020,7012
14692,10016,6009
14700,15012,9007
14703,7028,4016
14716,18005,11003
14720,9020,5012
14732,17006,10003
14736,10009,6005
14737,7018,4011
14738,17031,10018
14744,5027,3016
14748,29020,17012
14749,13016,7009
14753,7015,4009
14758,12027,7016
14760,14005,8003
14771,11024,6014
14776,7016,4009
14784,8018,5011
14786,13018,8010
14795,13019,8011
14796,18016,10009
14803,14017,8010
14804,19033,11019
14814,11022,6013
14825,8019,4011
14827,9015,5009
14831,10013,6008
14833,11020,6012
14838,13027,8016
14839,14014,8008
14841,15012,9007
14850,8020,5012
14851,15008,9005
14853,13037,8022
14857,14008,8005
14860,18017,11010
14862,5023,3014
14866,12010,7006
14872,20020,12012
14890,14012,8007
14893,15019,9011
14897,6025,3015
14899,28024,17014
14906,11029,7017
14916,7022,4013
14923,8019,5011
14926,28024,17014
14927,14014,8008
14938,9029,5017
14947,7015,4009
14948,14018,8011
14953,15035,9021
14961,11019,7011
14962,25021,15012
14969,7015,4009
14972,26018,15011
14974,12010,7006
14980,10018,6010
14983,15017,9010
14986,17021,10012
14987,19025,11015
14988,3028,2017
14993,14005,8003
14994,22018,13010
14998,7028,4016
15004,11014,7008
15007,15010,9006
15010,10016,6010
15013,7021,4012
15014,9015,5009
15017,15022,9013
15021,10025,6015
15039,11011,7006
15050,11011,6006
15051,10016,6009
15058,11011,6006
15072,29046,17027
15088,13027,7016
15089,14023,8014
15090,11016,6009
15091,17035,10021
15096,13024,7014
15097,12011,7006
15101,13010,7006
15105,13010,8006
15106,7026,4015
15108,22018,13010
15110,9018,5011
15120,14026,8015
15121,7018,4011
15122,18016,11009
15123,9022,5013
15125,9020,5012
15126,18018,10010
15133,6015,4009
15135,21017,12010
15136,20016,12009
15144,7020,4012
15145,17008,10005
15155,12020,7012
15158,12017,7010
15159,19020,11012
15163,11019,6011
15172,28044,16026
15173,9020,5012
15184,28023,17013
15187,28023,17014
15204,10013,6007
15213,9018,5011
15218,10015,6009
15226,27023,16013
15231,6027,3016
15249,8017,4010
15253,9016,5009
15261,11022,6013
15262,8027,5016
15266,11018,6010
15276,11010,6006
15284,8020,5012
15287,21017,12010
15292,6018,3011
15293,12023,7014
15309,17027,10016
15314,27019,16011
15319,17013,10007
15322,7019,4011
15327,12011,7006
15328,6028,3017
15341,12022,7013
15343,8022,5013
15348,18025,10015
15375,6030,3018
15380,20018,12010
15382,12006,7004
15387,7021,4012
15399,8017,4010
15404,9022,5013
15415,15014,9008
15427,11010,6006
15430,17018,10011
15432,15020,9012
15433,15018,9010
15443,7027,4016
15444,18023,10013
15448,9029,5017
15454,8017,5010
15458,12029,7017
15459,9012,5007
15460,10016,6009
15462,10022,6013
15469,13011,7006
15471,8021,4013
15473,17016,10009
15481,8015,4009
15486,8027,4016
15500,8018,4011
15503,28024,17014
15507,12016,7009
15509,7026,4015
15514,20027,12016
15519,8016,4009
15520,24030,14018
15529,11007,6004
15549,14027,8016
15563,15017,9010
15573,21017,12010
15578,13019,7011
15581,28023,16014
15585,16010,10006
15601,15018,9010
15611,14017,8010
15613,10013,6008
15622,13027,8016
15629,14017,8010
15630,11020,6012
15633,13013,8008
15639,21017,12010
15642,27020,16012
15644,14020,8012
15646,13011,7007
15648,13018,7010
15654,5029,3017
15666,12015,7009
15667,8017,4010
15681,9016,5009
15683,14028,8017
15690,18015,11009
15693,12023,7014
15694,10013,6008
15704,22001,13000
15706,21026,12015
15721,13018,7010
15723,27019,16011
15724,10022,6013
15736,12010,7006
15742,15018,9011
15743,19018,11010
15745,12028,7017
15755,10016,6009
15764,12010,7006
15774,13027,8016
15777,9023,5014
15780,9021,5012
15781,19017,11010
15782,10024,6014
15784,12023,7014
15792,10007,6004
15795,28024,17014
15796,9016,5010
15797,15014,9008
15800,14015,8009
15804,19017,11010
15807,19024,11014
15809,11019,7011
15812,15020,9012
15817,14017,8010
15822,20018,12011
15828,15026,9016
15837,10011,6006
15846,15017,9010
15864,11019,6011
15868,8017,4010
15876,2025,1015
15886,7021,4013
15900,5029,3017
15904,11009,6005
15905,28024,16014
15909,12027,7016
15915,15022,9013
15924,8021,4012
15925,27024,16014
15929,10018,6010
15954,7017,4010
15956,7028,4017
15957,21019,13011
15960,9011,5006
15967,7020,4012
15968,10018,6011
15982,14017,8010
15985,8015,5009
15989,7015,4009
15998,12011,7007
16002,13037,8022
16008,28018,16011
16013,22018,13010
16023,7028,4017
16028,10021,6012
16031,14020,8012
16032,12012,7007
16033,12020,7012
16036,9018,5010
16037,21026,12016
16039,8027,4016
16043,16008,9005
16047,14012,8007
16048,12009,7005
16058,13011,8006
16070,12009,7005
16071,12007,7004
16072,14011,8006
16086,24023,14014
16097,11014,7008
16098,11016,6009
16099,19017,11010
16103,11011,6007
16117,19017,11010
16121,20017,12010
16124,13017,8010
16127,8020,5012
16144,28027,16016
16166,22017,13010
16172,13025,7015
16174,11013,6008
16182,11017,6010
16183,6030,3018
16204,12019,7011
16209,9022,5013
16216,12022,7013
16228,23022,13013
16231,9020,5012
16236,13010,7006
16242,9018,5010
16248,15020,9012
16259,15024,9014
16276,12017,7010
16277,11013,6008
16278,12028,7016
16279,8021,5012
16284,14027,8016
16285,14018,8010
16288,29023,17014
16290,20020,12012
16299,18031,11018
16301,15016,9010
16331,5030,3018
16333,23023,13014
16340,13019,8011
16341,12017,7010
16347,12011,7006
16356,9019,5011
16357,12017,7010
16363,9015,5009
16371,7014,4008
16374,9020,5012
16375,23019,13011
16378,27024,16014
16381,11022,6013
16391,10025,6015
16392,8020,5012
16403,17019,10011
16414,10023,6014
16423,13019,8011
16428,12019,7011
16429,9019,5011
16433,9014,5008
16436,8019,4011
16437,10012,6007
16441,15017,9010
16451,18019,11011
16452,16024,9014
16454,10021,6012
16490,11021,7012
16494,12026,7015
16502,10029,6017
16509,9019,5011
16515,7025,4015
16516,9017,5010
16541,10015,6009
16547,4025,2015
16550,17017,10010
16551,9017,5010
16562,8016,5009
16566,13007,7004
16567,11009,6005
16580,18017,10010
16583,5029,3017
16585,13009,7005
16586,5030,3018
16589,11020,6012
16594,8023,4013
16596,7030,4018
16601,12024,7014
16610,14026,8016
16613,9013,5008
16625,10019,6011
16631,8026,5015
16634,8029,4017
16644,9013,5007
16653,10021,6012
16656,7028,4016
16660,16016,10009
16665,13011,8007
16666,6027,3016
16667,17021,10012
16668,8018,4010
16670,6025,3015
16671,20017,12010
16678,11012,7007
16693,18016,10009
16698,12010,7006
16699,9019,5011
16703,9022,5013
16710,13038,8022
16714,14018,8011
16730,12025,7015
16735,12010,7006
16748,24021,14012
16754,11022,7013
16755,9017,5010
16759,20004,12002
16769,21023,12014
16773,20019,12011
16778,14017,8010
16786,14017,8010
16789,11016,6009
16793,12012,7007
16796,17026,10015
16801,11017,7010
16820,12026,7016
16824,5026,3015
16827,10014,6008
16830,10019,6011
16832,9015,5009
16833,13018,7011
16838,8021,5012
16844,3024,2014
16857,2026,1016
16867,17014,10008
16868,8029,4017
16871,14010,8006
16880,15016,9010
16881,9021,5012
16885,13010,7006
16891,24039,14023
16898,13012,7007
16900,6031,4018
16901,22027,13016
16903,11014,6008
16904,14008,8005
16906,7019,4011
16907,15017,9010
16917,10014,6008
16924,9014,5008
16929,12017,7010
16930,16016,9010
16934,16017,9010
16941,18016,11010
16942,6024,4014
16945,13027,8016
16957,12012,7007
16959,13029,8017
16968,8018,4011
16970,16019,10011
16980,14012,8007
16984,13012,8007
16999,8025,4015
17004,22019,13011
17012,8023,4014
17018,9026,5015
17031,1024,14
17032,11025,6015
17035,9018,5010
17037,16012,9007
17043,14018,8011
17050,12007,7004
17052,13017,8010
17059,14020,8012
17062,10018,6011
17063,14005,8003
17071,20024,12014
17073,8015,4009
17079,7027,4016
17085,12006,7003
17110,7022,4013
17114,12009,7005
17115,11016,6009
17118,12022,7013
17119,8016,5009
17120,10024,6014
17125,11007,6004
17128,19023,11013
17132,20019,12011
17146,12013,7008
17148,17023,10014
17151,6023,3014
17159,12010,7006
17161,14018,8011
17162,13011,8006
17167,21024,12014
17184,10016,6010
17210,11024,6014
17211,26031,15018
17214,18001,11000
17216,8016,4009
17222,26022,15013
17224,9012,5007
17225,9017,5010
17230,8019,5011
17231,22019,13011
17235,21024,13014
17246,15011,9006
17249,16011,9007
17251,20022,12013
17257,15011,9006
17262,12026,7015
17270,13013,8007
17275,15025,9015
17278,11016,7009
17284,17010,10006
17288,16006,9003
17293,14011,8006
17296,14018,8010
17304,9020,5012
17305,20017,12010
17306,13013,7008
17311,7015,4009
17314,10021,6012
17315,14010,8006
17317,7020,4012
17318,8015,5009
17323,11023,6013
17325,18017,11010
17329,12014,7008
17332,6027,3016
17335,20020,12012
17336,16022,9013
17339,13005,8003
17347,10015,6009
17348,7029,4017
17349,11012,6007
17350,6027,4016
17356,12013,7008
17358,11009,7005
17361,20021,12012
17363,10021,6013
17367,7015,4009
17373,10012,6007
17383,18025,11015
17384,10029,6017
17390,4029,2017
17398,18020,11012
17419,7029,4017
17422,17029,10017
17429,10016,6009
17431,12025,7015
17433,18005,11003
17440,15011,9006
17441,14016,8010
17450,12020,7012
17452,8021,5013
17462,7025,4015
17471,21017,12010
17472,7019,4011
17474,9018,5010
17478,21023,12014
17483,21018,12010
17489,12017,7010
17491,8020,5012
17499,13013,8008
17502,11008,6005
17505,9026,5015
17511,11019,6011
17524,13013,7008
17527,17026,10015
17528,11014,6008
17529,5030,3018
17534,11020,6012
17538,29020,17012
17542,12011,7006
17543,3025,2015
17548,20021,12013
17549,11011,7006
17560,8016,4010
17570,11017,6010
17576,17029,10017
17581,8019,4011
17586,25031,15018
17590,10022,6013
17601,8018,5011
17604,11014,6008
17613,24019,14011
17618,6029,3017
17619,7019,4011
17623,20022,12013
17634,8015,4009
17635,11010,7006
17636,14025,8015
17638,27028,16017
17648,12021,7012
17649,11015,6009
17653,6018,4011
17656,4025,2015
17659,21020,12012
17663,16010,9006
17665,6024,3014
17670,23017,13010
17672,8018,4010
17673,10018,6010
17676,5029,3017
17679,19016,11010
17691,21023,13014
17693,6015,4009
17701,14008,8005
17711,10018,6011
17719,7019,4011
17725,19001,11000
17726,7027,4016
17729,16024,9014
17733,10015,6009
17740,10012,6007
17745,6028,3017
17757,14019,8011
17763,18006,10003
17765,10017,6010
17766,15019,9011
17770,16026,9016
17771,5026,3015
17772,6027,4016
17775,15028,9016
17780,6015,3009
17781,15010,9006
17786,6015,3009
17787,20024,12014
17793,7026,4015
17795,13012,8007
17806,13024,8014
17811,11022,6013
17812,14019,8011
17816,9015,5009
17821,17006,10003
17824,5027,3016
17827,24019,14011
17829,7020,4012
17831,13010,8006
17837,27024,16014
17843,6023,4013
17844,17010,10006
17845,7027,4016
17854,20016,12010
17868,11020,6012
17869,23018,13011
17887,12026,7015
17888,12029,7017
17892,12011,7006
17906,6026,3016
17910,11014,6008
17931,10025,6015
17934,10015,6009
17945,18017,11010
17949,2025,1015
17954,11012,6007
17955,10014,6008
17958,13020,8012
17960,12020,7012
17978,26031,15018
17989,11016,6009
17995,7016,4009
17997,8016,5010
18002,21026,12015
18024,20019,12011
18025,15018,9011
18029,8018,5011
18031,17008,10004
18033,20023,12014
18037,21024,12014
18041,8021,4012
18049,7023,4013
18058,6018,3011
18067,11009,6005
18069,8027,5016
18071,9023,5014
18076,7025,4015
18080,12008,7004
18081,12028,7017
18086,8021,5012
18088,16011,9006
18091,11006,6004
18108,7026,4015
18113,12026,7015
18115,11019,7011
18129,16011,9006
18133,11009,6005
18134,12025,7015
18145,29019,17011
18156,12026,7015
18162,7019,4011
18163,17006,10003
18169,12020,7012
18172,19017,11010
18173,20005,12003
18176,10017,6010
18185,13011,7007
18187,8017,5010
18200,11012,6007
18202,5030,3018
18213,30029,18017
18219,19002,11001
18223,10024,6014
18226,11017,6010
18237,18005,11003
18239,12026,7015
18241,29020,17012
18245,16028,9016
18248,19004,11002
18249,20017,12010
18266,14006,8003
18267,15011,9006
18269,14023,8013
18277,12007,7004
18278,20019,12011
18287,11017,6010
18289,8022,4013
18291,7018,4011
18293,17016,10009
18294,16011,10007
18299,5026,3015
18305,7023,4014
18306,26023,16014
18313,10024,6014
18314,12019,7011
18320,9025,5015
18323,24018,14011
18324,7014,4008
18329,20024,12014
18332,24019,14011
18336,11015,7009
18342,3025,2015
18350,12024,7014
18360,19005,11003
18363,17018,10011
18365,11016,6009
18372,15011,9006
18379,9029,5017
18384,10018,6011
18388,8020,4012
18391,10014,6008
18401,11017,7010
18413,9025,5015
18431,14005,8003
18433,8026,5015
18445,9012,5007
18446,7015,4009
18456,10029,6017
18467,13016,8009
18468,9012,5007
18472,19019,11011
18485,18002,11001
18486,19016,11010
18489,16019,9011
18512,13017,8010
18523,14008,8005
18527,18018,10011
18528,8018,4010
18532,11024,7014
18542,27020,16012
18546,27024,16014
18547,34043,20025
18549,10030,6018
18553,13026,8015
18554,16029,9017
18561,9013,5007
18564,8015,4009
18565,18018,11010
18575,8018,5010
18580,8027,5016
18582,12009,7005
18592,8017,5010
18596,10027,6016
18600,10018,6011
18608,24027,14016
18624,16024,9014
18628,28028,16017
18632,12023,7013
18634,11020,6012
18639,8017,5010
18640,14021,8013
18641,8022,5013
18653,15008,9004
18657,7022,4013
18670,26030,15018
18671,19004,11002
18672,10023,6014
18673,15028,9017
18681,13020,7012
18683,6029,3017
18686,19024,11014
18689,22017,13010
18696,14012,8007
18698,17019,10011
18704,23023,13013
18713,16011,9006
18724,10029,6017
18732,20025,12015
18743,13017,8010
18745,13016,8009
18755,18005,10003
18756,17016,10009
18768,10010,6006
18770,11030,6018
18781,13011,7006
18783,14018,8010
18785,7019,4011
18787,24019,14011
18790,16021,10012
18793,15008,9004
18795,7021,4012
18797,12013,7008
18799,19024,11014
18803,12012,7007
18805,13016,7010
18806,4029,2017
18808,7030,4018
18811,9021,5012
18814,12024,7014
18817,9021,5012
18820,8027,5016
18821,28022,17013
18822,12015,7009
18826,6029,3017
18828,28023,17014
18829,9021,5012
18832,12026,7015
18840,9015,5009
18845,25020,15012
18848,14012,8007
18851,13014,7008
18854,27021,16012
18859,6027,3016
18861,28029,17017
18863,22018,13010
18864,10016,6009
18870,13018,8011
18875,7028,4017
18876,4029,2017
18884,12019,7011
18888,18018,10010
18890,19020,11012
18892,14019,8011
18894,18018,11010
18899,7020,4012
18901,10013,6007
18902,21022,12013
18903,30028,18016
18906,15006,9003
18908,11012,6007
18910,21023,12014
18914,21018,12011
18922,13021,7012
18924,9026,5015
18932,9029,5017
18934,7019,4011
18947,15018,9010
18954,10014,6008
18958,20018,12011
18960,7022,4013
18962,18018,10011
18966,21018,12011
18968,26022,15013
18972,21004,12002
18990,13011,8006
18991,13011,8006
18994,16030,10018
18999,13017,8010
19001,15017,9010
19008,11020,6012
19014,15018,9011
19017,13007,8004
19021,29024,17014
19034,18005,10003
19037,9028,5017
19038,9015,5009
19042,8015,4009
19050,19005,11003
19051,10013,6008
19055,11016,7009
19056,11019,6011
19057,19017,11010
19062,20017,12010
19070,12018,7010
19071,7023,4013
19072,6026,3015
19081,25023,15014
19084,10013,6008
19085,15012,9007
19086,9018,5011
19087,13013,7007
19093,7027,4016
19098,18016,11010
19104,10015,6009
19106,10016,6009
19115,18028,11017
19117,8021,5012
19118,8023,5014
19119,12021,7013
19120,10014,6008
19121,13020,8012
19134,17003,10001
19141,5026,3016
19146,7014,4008
19147,15022,9013
19159,24019,14011
19160,9027,5016
19165,14011,8007
19166,21018,12010
19167,10024,6014
19174,9025,5015
19180,16024,10014
19183,10018,6010
19184,15028,9016
19191,16020,9012
19204,14026,8015
19205,7021,4012
19209,13020,8012
19210,15006,9003
19226,9017,5010
19230,8014,5008
19237,21018,12011
19243,13012,8007
19248,13005,8003
19249,10023,6014
19252,11012,6007
19253,25030,15018
19258,16010,9006
19261,19003,11002
19262,16018,9010
19265,7028,4016
19268,16028,9016
19269,14006,8003
19273,12025,7015
19276,22019,13011
19279,12025,7015
19280,6030,3018
19286,16019,9011
19287,16007,9004
19303,12009,7005
19305,10022,6013
19308,16008,9005
19309,8024,4014
19315,11010,6006
19329,27019,16011
19331,12016,7009
19333,10020,6012
19335,13027,8016
19339,11019,6011
19343,16020,9012
19346,10017,6010
19347,18016,10009
19351,7027,4016
19355,8020,4012
19356,7021,4013
19358,10016,6009
19366,10022,6013
19372,12016,7009
19373,4026,2015
19380,4029,2017
19386,9016,5010
19396,8022,5013
19400,5027,3016
19413,12022,7013
19416,18005,11003
19417,12021,7012
19419,13020,8012
19431,8024,5014
19432,6026,4015
19433,6018,4011
19444,10023,6013
19465,13019,7011
19483,14011,8006
19495,13027,8016
19496,4026,2015
19499,10025,6015
19502,19003,11002
19504,21018,12011
19514,14017,8010
19516,8019,5011
19519,12024,7014
19524,3028,1016
19527,8014,5008
19534,14027,8016
19540,14025,8015
19543,4029,2017
19544,15019,9011
19548,9021,5012
19549,9011,5006
19551,29027,17016
19555,17003,10002
19557,14011,8006
19560,21019,13011
19571,26023,16014
19575,9015,5009
19577,21019,13011
19580,9014,5008
19581,21017,12010
19584,28023,17014
19586,13025,7015
19590,12010,7006
19598,7016,4009
19602,13013,7008
19606,6028,4017
19611,15026,9015
19628,12020,7012
19631,9016,5009
19638,10012,6007
19639,13019,7011
19648,20005,12003
19651,11014,6008
19656,4030,2018
19662,4030,2018
19663,10025,6015
19665,12024,7014
19666,14027,8016
19673,28024,17014
19693,21018,12011
19708,7023,4014
19709,8020,5012
19712,14005,8003
19715,22017,13010
19723,7025,4015
19737,9019,5011
19738,9020,5012
19746,13019,7011
19749,9025,5015
19751,7018,4010
19759,10025,6015
19761,19017,11010
19767,7030,4018
19773,17012,10007
19774,13017,8010
19775,18031,10018
19778,9027,5016
19781,11018,6011
19783,9018,5011
19792,9016,5009
19800,12021,7013
19802,7029,4017
19803,19017,11010
19814,14025,8015
19820,29023,17014
19833,13026,8015
19835,9018,5010
19837,13011,7006
19839,16016,9009
19842,22018,13011
19844,28023,17014
19858,7015,4009
19863,18005,11003
19866,8025,5015
19867,9019,5011
19869,11012,7007
19873,18019,10011
19874,11010,6006
19876,17012,10007
19881,12026,7015
19888,15028,9017
19899,10018,6010
19900,31028,19016
19907,20020,12012
19915,12012,7007
19919,14017,8010
19923,8028,4016
19926,23018,14011
19930,7027,4016
19931,8028,5016
19934,9022,5013
19938,15019,9011
19945,18022,10013
19947,20023,12014
19951,13015,7009
19953,11026,7015
19963,16018,10011
19964,13005,7003
19973,12016,7009
19977,10024,6014
19982,18025,11015
19984,17019,10011
19993,16020,9012
19997,16028,9017
20005,18005,11003
20007,11018,6010
20009,11025,6015
20011,11016,6009
20019,12027,7016
20025,9014,5008
20026,9026,5015
20034,7023,4013
20035,6027,3016
20041,18019,10011
20044,10024,6014
20046,12027,7016
20048,16027,9016
20066,15022,9013
20069,11015,6009
20076,11023,7014
20087,10024,6014
20089,21025,13015
20113,7019,4011
20118,20018,12010
20123,12011,7006
20128,17006,10003
20133,8025,5015
20134,13020,7012
20136,19017,11010
20139,26023,15014
20153,9021,5013
20155,6015,4009
20161,9024,5014
20164,15018,9011
20165,8019,5011
20168,15016,9010
20170,17006,10004
20172,17012,10007
20174,20016,12009
20179,25027,15016
20181,13009,8005
20185,12018,7011
20191,10021,6012
20194,24029,14017
20200,21020,12012
20205,26020,15012
20221,13014,8008
20225,13020,7012
20229,27024,16014
20235,9026,5015
20237,12011,7006
20238,12013,7008
20239,10018,6010
20246,17018,10011
20248,9012,5007
20253,6027,4016
20254,8016,4009
20261,10017,6010
20271,14015,8009
20274,20017,12010
20279,22017,13010
20291,20022,12013
20294,13018,8010
20295,12016,7009
20297,14027,8016
20298,11018,6011
20303,11016,7009
20304,14025,8015
20305,11019,6011
20308,14015,8009
20310,9025,5015
20311,18016,11009
20313,13004,8002
20321,13029,8017
20322,12025,7015
20336,8026,5015
20344,12019,7011
20347,9021,5012
20353,7019,4011
20357,14027,8016
20364,15028,9017
20369,19029,11017
20370,10023,6013
20373,11023,7014
20376,12024,7014
20382,20017,12010
20398,24020,14012
20399,9018,5010
20402,16016,10009
20404,18018,11011
20405,20004,12002
20409,21017,12010
20414,7018,4011
20416,12020,7012
20418,10014,6008
20420,12016,7010
20448,14027,8016
20450,10021,6013
20451,9027,5016
20456,18016,11009
20459,28023,16014
20464,20024,12014
20465,18016,11009
20469,16019,9011
20474,15017,9010
20479,9022,5013
20481,17003,10002
20484,20003,12002
20489,14027,8016
20491,9017,5010
20493,8017,5010
20497,14011,8006
20499,11027,6016
20501,11018,6011
20504,6018,4011
20513,10013,6007
20515,10016,6009
20525,7020,4012
20527,21023,12013
20533,14011,8006
20541,10012,6007
20547,12017,7010
20548,7030,4018
20556,13005,8003
20561,13012,8007
20565,12015,7009
20567,13009,8005
20569,22018,13011
20573,9024,5014
20577,3025,1015
20581,13018,8010
20585,21017,12010
20594,6028,4016
20600,11023,6013
20601,12024,7014
20608,16017,9010
20613,14019,8011
20616,13025,7015
20619,13009,8005
20625,20017,12010
20630,7023,4013
20633,21024,12014
20634,8027,5016
20641,10014,6008
20642,6029,3017
20645,20019,12011
20646,14027,8016
20652,10022,6013
20654,17016,10009
20667,7018,4011
20668,28022,17013
20670,15017,9010
20674,8016,5009
20675,9022,5013
20676,10022,6013
20691,10015,6009
20692,8017,4010
20695,7015,4009
20698,13026,8016
20701,15022,9013
20710,9031,5019
20718,9016,5009
20721,8026,4015
20727,19020,11012
20728,8022,5013
20729,9014,5008
20738,15014,9008
20743,16031,9018
20745,17011,10007
20749,9017,5010
20754,10023,6013
20755,9022,5013
20759,6026,3015
20764,17015,10009
20765,6029,3017
20767,11022,6013
20769,22025,13015
20770,8024,4014
20772,13018,7010
20773,15018,9010
